{"mean_fit_time": [12.779287385940552, 3.775639772415161, 3.4158020973205567, 4.94111475944519, 4.967044401168823, 3.744829225540161, 3.7829897880554197, 5.321735143661499, 5.709159088134766, 7.495865345001221, 9.757139825820923, 16.80166702270508, 4.781904888153076, 3.4894693374633787, 5.559521722793579, 3.4250488758087156, 3.8388106346130373, 4.106326007843018, 7.783081483840943, 4.676227045059204], "std_fit_time": [0.06543455738163692, 0.02011264895977067, 0.052337643721056676, 0.01648592942162398, 0.03899455700259962, 0.00877629293421923, 0.018351582753031868, 0.015538816133711164, 0.19618788195598347, 0.07116233233991842, 0.16302205568842723, 0.07433347235918357, 0.19634780116019424, 0.012694555037588883, 0.05633401156555468, 0.021447615440345874, 0.06914732144799737, 0.011872077400538207, 0.3460075905737186, 0.0815680811688931], "mean_score_time": [0.018355417251586913, 0.015627193450927734, 0.015863513946533202, 0.01581578254699707, 0.016107892990112303, 0.015971994400024413, 0.016294288635253906, 0.01664576530456543, 0.01563100814819336, 0.018745040893554686, 0.015865087509155273, 0.015621137619018555, 0.014446544647216796, 0.01561145782470703, 0.015619897842407226, 0.01255655288696289, 0.01873435974121094, 0.014173364639282227, 0.016043472290039062, 0.01607990264892578], "std_score_time": [0.007222636588563974, 8.559725064207793e-06, 0.0004580789860916086, 0.009567768054336618, 0.009941108976062376, 0.0007024537338370586, 0.0005225288407775349, 0.003040612225105973, 2.0908860818364063e-05, 0.006246877166811233, 0.0005130779122762041, 2.0420659165729385e-06, 0.002347657288940465, 1.8521548506758874e-05, 1.1736976399568866e-05, 0.011704855954364681, 0.006230363254972792, 0.002866487777836786, 0.0008487494123263502, 0.0005789201171297694], "param_activation": ["relu", "tanh", "relu", "tanh", "tanh", "relu", "relu", "relu", "tanh", "logistic", "relu", "tanh", "relu", "tanh", "tanh", "relu", "relu", "tanh", "relu", "relu"], "param_alpha": [0.01, 0.1, 0.1, 0.001, 0.01, 0.1, 0.1, 0.1, 0.01, 0.1, 0.01, 0.1, 0.001, 0.001, 0.1, 0.001, 0.01, 0.01, 0.1, 0.01], "param_hidden_layer_sizes": [200, 50, 25, 100, 100, 50, 50, 100, 150, 150, 200, 200, 150, 25, 100, 25, 100, 50, 150, 150], "param_learning_rate": ["adaptive", "constant", "adaptive", "constant", "constant", "adaptive", "constant", "constant", "adaptive", "adaptive", "adaptive", "constant", "constant", "adaptive", "adaptive", "constant", "adaptive", "constant", "constant", "adaptive"], "param_solver": ["sgd", "sgd", "adam", "sgd", "sgd", "sgd", "sgd", "adam", "adam", "sgd", "adam", "adam", "adam", "adam", "adam", "adam", "adam", "adam", "adam", "adam"], "params": [{"activation": "relu", "alpha": 0.01, "hidden_layer_sizes": 200, "learning_rate": "adaptive", "solver": "sgd"}, {"activation": "tanh", "alpha": 0.1, "hidden_layer_sizes": 50, "learning_rate": "constant", "solver": "sgd"}, {"activation": "relu", "alpha": 0.1, "hidden_layer_sizes": 25, "learning_rate": "adaptive", "solver": "adam"}, {"activation": "tanh", "alpha": 0.001, "hidden_layer_sizes": 100, "learning_rate": "constant", "solver": "sgd"}, {"activation": "tanh", "alpha": 0.01, "hidden_layer_sizes": 100, "learning_rate": "constant", "solver": "sgd"}, {"activation": "relu", "alpha": 0.1, "hidden_layer_sizes": 50, "learning_rate": "adaptive", "solver": "sgd"}, {"activation": "relu", "alpha": 0.1, "hidden_layer_sizes": 50, "learning_rate": "constant", "solver": "sgd"}, {"activation": "relu", "alpha": 0.1, "hidden_layer_sizes": 100, "learning_rate": "constant", "solver": "adam"}, {"activation": "tanh", "alpha": 0.01, "hidden_layer_sizes": 150, "learning_rate": "adaptive", "solver": "adam"}, {"activation": "logistic", "alpha": 0.1, "hidden_layer_sizes": 150, "learning_rate": "adaptive", "solver": "sgd"}, {"activation": "relu", "alpha": 0.01, "hidden_layer_sizes": 200, "learning_rate": "adaptive", "solver": "adam"}, {"activation": "tanh", "alpha": 0.1, "hidden_layer_sizes": 200, "learning_rate": "constant", "solver": "adam"}, {"activation": "relu", "alpha": 0.001, "hidden_layer_sizes": 150, "learning_rate": "constant", "solver": "adam"}, {"activation": "tanh", "alpha": 0.001, "hidden_layer_sizes": 25, "learning_rate": "adaptive", "solver": "adam"}, {"activation": "tanh", "alpha": 0.1, "hidden_layer_sizes": 100, "learning_rate": "adaptive", "solver": "adam"}, {"activation": "relu", "alpha": 0.001, "hidden_layer_sizes": 25, "learning_rate": "constant", "solver": "adam"}, {"activation": "relu", "alpha": 0.01, "hidden_layer_sizes": 100, "learning_rate": "adaptive", "solver": "adam"}, {"activation": "tanh", "alpha": 0.01, "hidden_layer_sizes": 50, "learning_rate": "constant", "solver": "adam"}, {"activation": "relu", "alpha": 0.1, "hidden_layer_sizes": 150, "learning_rate": "constant", "solver": "adam"}, {"activation": "relu", "alpha": 0.01, "hidden_layer_sizes": 150, "learning_rate": "adaptive", "solver": "adam"}], "split0_test_score": [0.7785402678933855, 0.7345655503916374, 0.8313728509192906, 0.7622002106416808, 0.7622002106416808, 0.7515237778790411, 0.7515237778790411, 0.8537344877344877, 0.8400968316364509, 0.4347816510974406, 0.8338196491422298, 0.8239700227022142, 0.8411756366239127, 0.798721116974732, 0.841063035385616, 0.8384984051036684, 0.8541048581048581, 0.8037807440929038, 0.8568051536071559, 0.8411756366239127], "split1_test_score": [0.8352023566693205, 0.8283506787330317, 0.8670238284219234, 0.8130144098926619, 0.8130144098926619, 0.8267184591008121, 0.8267184591008121, 0.8751476866608712, 0.8675763535751985, 0.45239404926904936, 0.868469525741331, 0.8610489587139203, 0.8749018556593213, 0.8521882383865362, 0.8675658211618172, 0.8670238284219234, 0.8683762620070936, 0.866387954318989, 0.8675461133624026, 0.8749018556593213], "split2_test_score": [0.8198643629678111, 0.8565171916206399, 0.8817141140829297, 0.8152607729748571, 0.8152607729748571, 0.8496046546046546, 0.8496046546046546, 0.8666178958521756, 0.8664894770168603, 0.412809399063269, 0.8521878814221614, 0.8531742337794814, 0.8657788510888432, 0.8681045965528724, 0.8744220457252911, 0.8735501647425098, 0.8510977231647257, 0.8594615624027389, 0.8895198224883825, 0.8810848522771971], "split3_test_score": [0.8609582506634788, 0.8226332926332927, 0.8212009853945338, 0.8537090260694266, 0.8537090260694266, 0.8372593989564537, 0.8372593989564537, 0.8281867336524543, 0.8108480462892228, 0.4314972527472528, 0.8337886949422714, 0.8259821074646583, 0.8413612418047902, 0.8166084416140034, 0.8125992776302157, 0.8194072739553224, 0.8268143633859747, 0.8228730040005712, 0.8658075959285636, 0.8413612418047902], "split4_test_score": [0.8958272693227322, 0.8641231711969699, 0.9397054296466061, 0.8929729396922269, 0.8929729396922269, 0.8496820619841214, 0.8496820619841214, 0.9171314566966741, 0.9159211159211159, 0.4842940383415213, 0.9328601137424668, 0.908329984416941, 0.9159211159211159, 0.947485032267641, 0.9002338340794113, 0.9397054296466061, 0.9331122581122582, 0.9159211159211159, 0.9230953583453584, 0.9159211159211159], "mean_test_score": [0.8380785015033455, 0.8212379769151144, 0.8682034416930566, 0.8274314718541707, 0.8274314718541707, 0.8229576705050166, 0.8229576705050166, 0.8681636521193326, 0.8601863648877697, 0.4431552781037066, 0.864225172998092, 0.854501061415443, 0.8678277402195966, 0.8566214851591571, 0.8591768027964702, 0.867637020374006, 0.8667010929549821, 0.8536848761472637, 0.8805548087463727, 0.8708889404572675], "std_test_score": [0.03935284340268222, 0.04614847739937381, 0.042100326250623314, 0.04381161692539474, 0.04381161692539474, 0.03673074691534361, 0.03673074691534361, 0.029173161573582913, 0.0347521586565464, 0.024102497985638863, 0.03667299029822549, 0.030619155577722306, 0.02748826661216809, 0.05169370562651019, 0.029953454890175504, 0.04099844932496626, 0.03579477762417933, 0.03875017858436965, 0.023836201007277097, 0.027938225948224604], "rank_test_score": [14, 19, 3, 15, 15, 17, 17, 4, 9, 20, 8, 12, 5, 11, 10, 6, 7, 13, 1, 2]}