{"mean_fit_time": [4.843922233581543, 5.159591007232666, 2.233228063583374, 2.220024347305298, 5.084190416336059, 1.8603600025177003, 3.9340625286102293, 1.8508337497711183, 2.3046281337738037, 6.6463538646698, 1.910115385055542, 3.3329960823059084, 3.0158231258392334, 2.280610752105713, 2.217691516876221, 1.8333137512207032, 1.839165735244751, 3.9208463191986085, 6.63294095993042, 2.936405086517334, 5.059998846054077, 2.9808072566986086, 5.0316734790802, 5.826735734939575, 2.091778612136841, 6.650045013427734, 2.754292345046997, 2.758724403381348, 2.265166997909546, 2.2718526840209963, 5.826061630249024, 5.193179655075073, 3.4378560543060304, 6.017323589324951, 9.474214935302735, 6.751528263092041, 6.645302677154541, 3.252356433868408, 8.851021242141723, 3.3335898399353026, 8.622664260864259], "std_fit_time": [0.07757971203414382, 0.11426295397799062, 0.02320936572966203, 0.037177676951134664, 0.30758348640442434, 0.013647226648883235, 0.019347880988904963, 0.008270899166312976, 0.03307055379086231, 0.015757698063274168, 0.008425548921851093, 0.08146688185805474, 0.0552692469964464, 0.018193264793162797, 0.015647558612790196, 0.017109447239929566, 0.010667799191165298, 0.012080988757036334, 0.018409654976789425, 0.017777793302434834, 0.06607518184142848, 0.020399526130920744, 0.10142759836790297, 0.15589385118588842, 0.010575492452438323, 0.055578147051849776, 0.04600153976597072, 0.03364940840589773, 0.011319366222884628, 0.020991076446866708, 0.15294031586035015, 0.3318708969680226, 0.2879813659019696, 0.2294597134135923, 1.3286514269951375, 0.19495974173819847, 0.018749348960869487, 0.020720480081483795, 0.3336576065051545, 0.09140950941804073, 0.07279088338017453], "mean_score_time": [0.007975625991821288, 0.0073872566223144535, 0.006204652786254883, 0.007563066482543945, 0.0076367855072021484, 0.006248664855957031, 0.006238889694213867, 0.006242227554321289, 0.0, 0.0031239986419677734, 0.0062389373779296875, 0.009368467330932616, 0.009372234344482422, 0.003123950958251953, 0.006248378753662109, 0.006241559982299805, 0.00624394416809082, 0.01562633514404297, 0.009377813339233399, 0.006248617172241211, 0.006255292892456054, 0.015616083145141601, 0.01250157356262207, 0.006247425079345703, 0.0031221389770507814, 0.009376811981201171, 0.00937824249267578, 0.012502145767211915, 0.003124380111694336, 0.009372091293334961, 0.015622282028198242, 0.012496757507324218, 0.014087867736816407, 0.006253623962402343, 0.012502527236938477, 0.009371328353881835, 0.009368228912353515, 0.01248788833618164, 0.012501955032348633, 0.003124237060546875, 0.006254434585571289], "std_score_time": [0.0006339232041187795, 0.0023219902252039556, 0.00040405286672970316, 0.0027108197619019133, 0.006994886285592164, 0.00765302024874788, 0.007641056414065152, 0.007645143160811625, 0.0, 0.006247997283935547, 0.007641119424801849, 0.007649323292546287, 0.007652397417269468, 0.006247901916503906, 0.007652669886540861, 0.007644320559135875, 0.007647238627229096, 1.5083890150389742e-05, 0.007656960911468652, 0.0076529619423211835, 0.0076611448521111845, 2.9028379927109573e-06, 0.006250790548644825, 0.007651502159639256, 0.006244277954101563, 0.007656142846632211, 0.0076573105087049224, 0.0062510826287528395, 0.006248760223388671, 0.007652280756150487, 1.621246337890625e-06, 0.006248378802787566, 0.003051872450195318, 0.007659098365684828, 0.006251275487465275, 0.007651657625565177, 0.007649128253068169, 0.0062439549114381475, 0.00625099168273316, 0.00624847412109375, 0.007660094699853864], "param_hidden_layer_sizes": [150, 200, 50, 50, 150, 25, 150, 25, 100, 200, 25, 150, 100, 50, 50, 25, 25, 150, 200, 100, 200, 100, 200, 200, 50, 200, 100, 150, 50, 50, 200, 200, 150, 200, 200, 200, 200, 100, 200, 150, 200], "param_activation": ["tanh", "relu", "relu", "tanh", "tanh", "tanh", "relu", "logistic", "relu", "tanh", "logistic", "tanh", "tanh", "tanh", "logistic", "relu", "relu", "tanh", "relu", "logistic", "relu", "tanh", "relu", "tanh", "relu", "relu", "tanh", "relu", "tanh", "tanh", "tanh", "relu", "relu", "tanh", "tanh", "tanh", "tanh", "tanh", "relu", "tanh", "logistic"], "param_solver": ["adam", "adam", "adam", "sgd", "adam", "sgd", "sgd", "sgd", "adam", "sgd", "adam", "adam", "sgd", "adam", "adam", "sgd", "sgd", "sgd", "sgd", "sgd", "adam", "sgd", "adam", "adam", "sgd", "sgd", "adam", "adam", "adam", "adam", "adam", "adam", "adam", "adam", "adam", "sgd", "sgd", "adam", "adam", "adam", "adam"], "param_alpha": [0.1, 0.001, 0.1, 0.1, 0.1, 0.001, 0.01, 0.001, 0.001, 0.1, 0.01, 0.001, 0.001, 0.001, 0.01, 0.001, 0.01, 0.001, 0.1, 0.01, 0.01, 0.01, 0.001, 0.001, 0.1, 0.001, 0.001, 0.001, 0.001, 0.01, 0.001, 0.01, 0.01, 0.01, 0.1, 0.01, 0.001, 0.1, 0.1, 0.01, 0.001], "param_learning_rate": ["adaptive", "adaptive", "adaptive", "constant", "constant", "constant", "adaptive", "constant", "constant", "adaptive", "constant", "adaptive", "adaptive", "adaptive", "constant", "constant", "adaptive", "constant", "constant", "adaptive", "constant", "adaptive", "constant", "adaptive", "adaptive", "adaptive", "adaptive", "adaptive", "constant", "adaptive", "constant", "adaptive", "adaptive", "adaptive", "adaptive", "adaptive", "adaptive", "adaptive", "adaptive", "adaptive", "adaptive"], "params": [{"hidden_layer_sizes": 150, "activation": "tanh", "solver": "adam", "alpha": 0.1, "learning_rate": "adaptive"}, {"hidden_layer_sizes": 200, "activation": "relu", "solver": "adam", "alpha": 0.001, "learning_rate": "adaptive"}, {"hidden_layer_sizes": 50, "activation": "relu", "solver": "adam", "alpha": 0.1, "learning_rate": "adaptive"}, {"hidden_layer_sizes": 50, "activation": "tanh", "solver": "sgd", "alpha": 0.1, "learning_rate": "constant"}, {"hidden_layer_sizes": 150, "activation": "tanh", "solver": "adam", "alpha": 0.1, "learning_rate": "constant"}, {"hidden_layer_sizes": 25, "activation": "tanh", "solver": "sgd", "alpha": 0.001, "learning_rate": "constant"}, {"hidden_layer_sizes": 150, "activation": "relu", "solver": "sgd", "alpha": 0.01, "learning_rate": "adaptive"}, {"hidden_layer_sizes": 25, "activation": "logistic", "solver": "sgd", "alpha": 0.001, "learning_rate": "constant"}, {"hidden_layer_sizes": 100, "activation": "relu", "solver": "adam", "alpha": 0.001, "learning_rate": "constant"}, {"hidden_layer_sizes": 200, "activation": "tanh", "solver": "sgd", "alpha": 0.1, "learning_rate": "adaptive"}, {"hidden_layer_sizes": 25, "activation": "logistic", "solver": "adam", "alpha": 0.01, "learning_rate": "constant"}, {"hidden_layer_sizes": 150, "activation": "tanh", "solver": "adam", "alpha": 0.001, "learning_rate": "adaptive"}, {"hidden_layer_sizes": 100, "activation": "tanh", "solver": "sgd", "alpha": 0.001, "learning_rate": "adaptive"}, {"hidden_layer_sizes": 50, "activation": "tanh", "solver": "adam", "alpha": 0.001, "learning_rate": "adaptive"}, {"hidden_layer_sizes": 50, "activation": "logistic", "solver": "adam", "alpha": 0.01, "learning_rate": "constant"}, {"hidden_layer_sizes": 25, "activation": "relu", "solver": "sgd", "alpha": 0.001, "learning_rate": "constant"}, {"hidden_layer_sizes": 25, "activation": "relu", "solver": "sgd", "alpha": 0.01, "learning_rate": "adaptive"}, {"hidden_layer_sizes": 150, "activation": "tanh", "solver": "sgd", "alpha": 0.001, "learning_rate": "constant"}, {"hidden_layer_sizes": 200, "activation": "relu", "solver": "sgd", "alpha": 0.1, "learning_rate": "constant"}, {"hidden_layer_sizes": 100, "activation": "logistic", "solver": "sgd", "alpha": 0.01, "learning_rate": "adaptive"}, {"hidden_layer_sizes": 200, "activation": "relu", "solver": "adam", "alpha": 0.01, "learning_rate": "constant"}, {"hidden_layer_sizes": 100, "activation": "tanh", "solver": "sgd", "alpha": 0.01, "learning_rate": "adaptive"}, {"hidden_layer_sizes": 200, "activation": "relu", "solver": "adam", "alpha": 0.001, "learning_rate": "constant"}, {"hidden_layer_sizes": 200, "activation": "tanh", "solver": "adam", "alpha": 0.001, "learning_rate": "adaptive"}, {"hidden_layer_sizes": 50,