{"mean_fit_time": [8.525319910049438, 1.8003900051116943, 2.7393343448638916, 6.574242401123047, 1.9732171058654786, 4.377017593383789, 2.0919646263122558, 2.8945730209350584, 4.489537763595581, 6.5330418109893795, 3.2032013893127442, 4.982635927200318, 2.7172475337982176, 1.7810615062713624, 2.1759287834167482, 6.461249923706054, 3.1670525550842283, 2.0216582298278807, 6.536507558822632, 6.4580885887146, 5.845787477493286, 1.7996304988861085, 1.860969352722168, 2.8209057331085203, 3.122370195388794, 3.7732633113861085, 1.8181997299194337, 6.459920644760132, 2.840051603317261, 4.565026187896729, 3.2866727352142333, 4.480224370956421, 1.8368252754211425, 2.1132013320922853, 2.128777265548706, 3.222502565383911, 8.834805297851563, 2.2834792613983153, 2.2889331340789796, 3.2291147708892822, 3.830940008163452, 1.8869062900543212, 2.11333327293396, 1.841453742980957, 1.888911199569702, 3.895988607406616, 2.936630201339722, 6.636184740066528, 3.2055640697479246, 4.590979814529419], "std_fit_time": [0.022188299041250387, 0.01885461262953962, 0.15839990765077278, 0.039659753966985636, 0.04104515585474465, 0.011348749716313682, 0.007535740030800926, 0.005308782797038892, 0.014599944355116476, 0.017062472714108795, 0.04645991476922813, 0.10418167859648673, 0.06163665147088866, 0.008902185578450295, 0.007413458442579712, 0.012798909625558694, 0.05010947747454448, 0.050924917765799806, 0.01955422151038402, 0.007375474016827132, 0.11789596549272385, 0.019565421971824475, 0.03363866655561607, 0.01617898659896968, 0.015925255819475608, 0.019119130890103468, 0.009762788228314794, 0.011360479073444266, 0.05872719478111346, 0.1809395071311586, 0.007750505050695724, 0.015482032403823865, 0.006659047485956482, 0.004373554848083531, 0.0014795175451985114, 0.015962883883894344, 0.04617386063391351, 0.004699676283957947, 0.008165288452368665, 0.016756145972218788, 0.017386507571961488, 0.01006399654349567, 0.01320319913584486, 0.005591477724548755, 0.008918187182639129, 0.060147333412690816, 0.0072974004561250725, 0.07287626490398509, 0.009051051355812703, 0.009925470381399007], "mean_score_time": [0.00624847412109375, 0.0031229972839355467, 0.01249384880065918, 0.006247472763061523, 0.009385013580322265, 0.006248950958251953, 0.003124046325683594, 0.009369230270385743, 0.00623321533203125, 0.00479283332824707, 0.009370708465576172, 0.006247806549072266, 0.009372615814208984, 0.0, 0.006252098083496094, 0.009371519088745117, 0.003123903274536133, 0.0031242847442626955, 0.0031284809112548826, 0.006247854232788086, 0.0031232833862304688, 0.003122568130493164, 0.006248331069946289, 0.00937032699584961, 0.012494707107543945, 0.009370994567871094, 0.0, 0.006247234344482422, 0.007641410827636719, 0.007376575469970703, 0.006779384613037109, 0.006983375549316407, 0.007379913330078125, 0.0063823223114013675, 0.006558370590209961, 0.006578779220581055, 0.007579278945922851, 0.006550931930541992, 0.0071598529815673825, 0.006973409652709961, 0.0075743675231933595, 0.006201314926147461, 0.005995321273803711, 0.006594610214233398, 0.005992221832275391, 0.0069768428802490234, 0.00697793960571289, 0.007578372955322266, 0.006374168395996094, 0.006990242004394531], "std_score_time": [0.007652790806773232, 0.006245994567871093, 0.00624692495789682, 0.007651560229061289, 0.007662841756509835, 0.007653370732765304, 0.006248092651367187, 0.00764994502610731, 0.007634098547414643, 0.006305085428686285, 0.007651151547827262, 0.007651969148766364, 0.007652708790915186, 0.0, 0.0076572387461840705, 0.007651813330212563, 0.006247806549072267, 0.006248569488525391, 0.006256961822509764, 0.0076520274588950405, 0.0062465667724609375, 0.006245136260986328, 0.007652611745019849, 0.007650840231165995, 0.006247354014853632, 0.007651385483681563, 0.0, 0.007651268237158946, 0.0069916012595284205, 0.0007950557852207476, 0.0011604880896329839, 0.000629897709586472, 0.0019539242406952447, 0.0004888313657210744, 0.0004963856357170029, 0.00047411366411246675, 0.0004881899345961576, 0.0004777764034567089, 0.0014596348807525978, 0.001264945085977634, 0.001015661035902668, 0.0003899112750136838, 1.4921574914901932e-05, 0.0004723293712292207, 1.099975579957853e-05, 0.0006336916645222743, 0.000630321723738713, 0.0004889094188222974, 0.0004799602372914386, 0.0011061117197316227], "param_solver": ["adam", "sgd", "adam", "sgd", "adam", "adam", "sgd", "sgd", "adam", "sgd", "adam", "adam", "adam", "sgd", "adam", "sgd", "adam", "adam", "sgd", "sgd", "adam", "sgd", "adam", "sgd", "adam", "sgd", "sgd", "sgd", "sgd", "adam", "adam", "adam", "sgd", "sgd", "sgd", "adam", "adam", "adam", "adam", "adam", "sgd", "adam", "sgd", "sgd", "adam", "sgd", "sgd", "sgd", "adam", "adam"], "param_learning_rate": ["constant", "constant", "adaptive", "constant", "adaptive", "constant", "adaptive", "adaptive", "adaptive", "constant", "adaptive", "constant", "adaptive", "constant", "adaptive", "adaptive", "constant", "adaptive", "adaptive", "adaptive", "adaptive", "adaptive", "constant", "constant", "adaptive", "adaptive", "adaptive", "constant", "adaptive", "adaptive", "adaptive", "constant", "adaptive", "constant", "constant", "adaptive", "adaptive", "adaptive", "constant", "constant", "adaptive", "adaptive", "adaptive", "adaptive", "adaptive", "adaptive", "constant", "constant", "adaptive", "constant"], "param_hidden_layer_sizes": [200, 25, 150, 200, 50, 150, 50, 100, 150, 200, 150, 200, 100, 25, 50, 200, 100, 50, 200, 200, 200, 25, 25, 100, 100, 150, 25, 200, 100, 150, 100, 150, 25, 50, 50, 100, 200, 50, 50, 100, 150, 25, 50, 25, 25, 150, 100, 200, 100, 150], "param_alpha": [0.001, 0.1, 0.01, 0.001, 0.01, 0.001, 0.01, 0.001, 0.1, 0.1, 0.01, 0.01, 0.001, 0.01, 0.1, 0.001, 0.1, 0.001, 0.01, 0.1, 0.01, 0.001, 0.01, 0.01, 0.001, 0.1, 0.001, 0.001, 0.01, 0.1, 0.1, 0.1, 0.01, 0.001, 0.001, 0.01, 0.1, 0.001, 0.001, 0.01, 0.001, 0.1, 0.001, 0.1, 0.1, 0.001, 0.01, 0.01, 0.1, 0.1], "param_activation": ["logistic", "logistic", "relu", "tanh", "relu", "logistic", "logistic", "tanh", "tanh", "tanh", "tanh", "relu", "tanh", "relu", "logistic", "logistic", "logistic", "relu", "tanh", "logistic", "tanh", "relu", "relu", "logistic", "logistic", "relu", "tanh", "logistic", "relu", "relu", "tanh", "logistic", "relu", "relu", "tanh", "logistic", "tanh", "tanh", "tanh", "logistic", "logistic", "logistic", "relu", "tanh", "relu", "relu", "tanh", "logistic", "relu", "tanh"], "params": [{"solver": "adam", "learning_rate": "constant", "hidden_layer_sizes": 200, "alpha": 0.001, "activation": "logistic"}, {"solver": "sgd", "learning_rate": "constant", "hidden_layer_sizes": 25, "alpha": 0.1, "activation": "logistic"}, {"solver": "adam", "learning_rate": "adaptive", "hidden_layer_sizes": 150, "alpha": 0.01, "activation": "relu"}, {"solver": "sgd", "learning_rate": "constant", "hidden_layer_sizes": 200, "alpha": 0.001, "activation": "tanh"}, {"solver": "adam", "learning_rate": "adaptive", "hidden_layer_sizes": 50, "alpha": 0.01, "activation": "relu"}, {"solver": "adam", "learning_rate": "constant", "hidden_layer_sizes": 150, "alpha": 0.001, "activation": "logistic"}, {"solver": "sgd", "learning_rate": "adaptive", "hidden_layer_sizes": 50, "alpha": 0.01, "activation": "logistic"}, {"solver": "sgd", "learning_rate": "adaptive", "hidden_layer_sizes": 100, "alpha": 0.001, "activation": "tanh"}, {"solver": "adam", "learning_rate": "adaptive", "hidden_layer_sizes": 150, "alpha": 0.1, "activation": "tanh"}, {"solver": "sgd", "learning_rate": "constant", "hidden_layer_sizes": 200, "alpha": 0.1, "activation": "tanh"}, {"solver": "adam", "learning_rate": "adaptive", "hidden_layer_sizes": 150, "alpha": 0.01, "activation": "tanh"}, {"solver": "adam", "learning_rate": "constant", "hidden_layer_sizes": 200, "alpha": 0.01, "activation": "relu"}, {"solver": "adam", "learning_rate": "adaptive", "hidden_layer_sizes": 100, "alpha": 0.001, "activation": "tanh"}, {"solver": "sgd", "learning_rate": "constant", "hidden_layer_sizes": 25, "alpha": 0.01, "activation": "relu"}, {"solver": "adam",