{"0": {"precision": 0.875, "recall": 1.0, "f1-score": 0.9333333333333333, "support": 28}, "1": {"precision": 0.8529411764705882, "recall": 0.9666666666666667, "f1-score": 0.90625, "support": 30}, "2": {"precision": 0.8387096774193549, "recall": 0.896551724137931, "f1-score": 0.8666666666666666, "support": 29}, "3": {"precision": 0.8648648648648649, "recall": 0.8888888888888888, "f1-score": 0.8767123287671232, "support": 36}, "4": {"precision": 0.7586206896551724, "recall": 0.88, "f1-score": 0.8148148148148148, "support": 25}, "5": {"precision": 0.9130434782608695, "recall": 0.7777777777777778, "f1-score": 0.84, "support": 27}, "6": {"precision": 0.8857142857142857, "recall": 0.9117647058823529, "f1-score": 0.8985507246376812, "support": 34}, "7": {"precision": 0.9333333333333333, "recall": 0.7567567567567568, "f1-score": 0.835820895522388, "support": 37}, "8": {"precision": 0.9523809523809523, "recall": 0.8695652173913043, "f1-score": 0.909090909090909, "support": 23}, "9": {"precision": 0.8571428571428571, "recall": 0.7741935483870968, "f1-score": 0.8135593220338982, "support": 31}, "accuracy": 0.87, "macro avg": {"precision": 0.873175131524228, "recall": 0.8722165285888777, "f1-score": 0.8694798994866815, "support": 300}, "weighted avg": {"precision": 0.8742915058421545, "recall": 0.87, "f1-score": 0.8689056951226823, "support": 300}}