{"mean_fit_time": [8.622521686553956, 1.8336031913757325, 2.783237171173096, 6.6959755420684814, 2.0261748790740968, 4.649699687957764, 2.1135583400726317, 2.954789876937866, 4.729774141311646, 6.673329019546509, 3.356460952758789, 5.05922417640686, 2.8118515491485594, 1.8422344207763672, 2.224000024795532, 6.582248544692993, 3.242362117767334, 2.0649406909942627, 6.687202024459839, 6.611515045166016, 5.9135637283325195, 1.8452955722808837, 1.890090274810791, 2.953391122817993, 3.2606475353240967, 3.893314075469971, 1.8547745227813721, 6.605555295944214, 2.9361618995666503, 4.618275260925293, 3.334751510620117, 4.633801698684692, 1.844534158706665, 2.109769582748413, 2.1196663856506346, 3.262769317626953, 8.754828310012817, 2.2850558757781982, 2.274252700805664, 3.245386266708374, 3.855873727798462, 1.9077652931213378, 2.1073640823364257, 1.856712245941162, 1.8962275981903076, 3.9251569271087647, 2.97080659866333, 6.60191855430603, 3.212969207763672, 4.7398247718811035], "std_fit_time": [0.027794673797141005, 0.01852168066502566, 0.05206980983082143, 0.04305906903071572, 0.04228919914660632, 0.07551208384803505, 0.016187686832366727, 0.01551579230792337, 0.03570254136199736, 0.008161175829937639, 0.10919927234693722, 0.0923951694820361, 0.06772620644395241, 0.018109760372145275, 0.016235371528783286, 0.006843009245440986, 0.019850716351254752, 0.07070866592364751, 0.03622314750545114, 0.02799303533911893, 0.12152816460568923, 0.007336151928561363, 0.015187863698414369, 0.03891505586129683, 0.01762651180762978, 0.018650577713617163, 0.010353935776008988, 0.018593593922311025, 0.038161911522892465, 0.06327475561138626, 0.02118326720880252, 0.01657200374132309, 0.018000272660039892, 0.011838260894910841, 0.015770659980157767, 0.016803094554701845, 0.05377338863622114, 0.01942593978018334, 0.019855083225318135, 0.01712202168360666, 0.012847400810280468, 0.013822933727837335, 0.015891005800292016, 0.00733885409663728, 0.011050448927115276, 0.050334133516588005, 0.01552301625639812, 0.020040200887301355, 0.010091651556032725, 0.04576777899964008], "mean_score_time": [0.009379291534423828, 0.006240653991699219, 0.0, 0.0062410831451416016, 0.0062541961669921875, 0.006245136260986328, 0.0031217098236083984, 0.012497949600219726, 0.003117084503173828, 0.009369659423828124, 0.0031250953674316407, 0.01250319480895996, 0.009356307983398437, 0.012502193450927734, 0.009372758865356445, 0.012497997283935547, 0.006234169006347656, 0.00937795639038086, 0.0031231403350830077, 0.009370708465576172, 0.009370565414428711, 0.009365177154541016, 0.012507438659667969, 0.006247234344482422, 0.0, 0.006257200241088867, 0.006241703033447265, 0.006253385543823242, 0.00312347412109375, 0.015614652633666992, 0.006247377395629883, 0.0031233787536621093, 0.006253671646118164, 0.006241416931152344, 0.01249837875366211, 0.012478351593017578, 0.015617895126342773, 0.006246137619018555, 0.015636968612670898, 0.006241130828857422, 0.003123617172241211, 0.00939178466796875, 0.0062500953674316405, 0.006240463256835938, 0.006261157989501953, 0.00312957763671875, 0.006240701675415039, 0.00937061309814453, 0.012499237060546875, 0.0], "std_score_time": [0.007658166961745501, 0.007643213307786906, 0.0, 0.007643742391665488, 0.007659806173853482, 0.007648700128812334, 0.006243419647216797, 0.006248986065812153, 0.006234169006347656, 0.0076502951995498295, 0.006250190734863282, 0.0062516118515047875, 0.007639408405335618, 0.006251151457196717, 0.007652825670421963, 0.00624903339468422, 0.007635266590872227, 0.007657081061661003, 0.006246280670166016, 0.007651151620635321, 0.007651035443944125, 0.0076466462018012354, 0.006253736538123459, 0.007651268344140587, 0.0, 0.007663476337837221, 0.007644500859390629, 0.00765880730688505, 0.0062469482421875, 2.8202650522397653e-05, 0.007651474449219542, 0.006246757507324219, 0.007659158451117637, 0.0076441494683823505, 0.006249208335859349, 0.006239200811778013, 1.664796888346363e-05, 0.007649925098493128, 1.5316347994930134e-05, 0.007643818889158998, 0.006247234344482422, 0.007668360088490637, 0.00765477242667652, 0.007642984652201647, 0.0076683214271951496, 0.0062591552734375, 0.007643275406214009, 0.007651074284414865, 0.006249669328446569, 0.0], "param_solver": ["adam", "sgd", "adam", "sgd", "adam", "adam", "sgd", "sgd", "adam", "sgd", "adam", "adam", "adam", "sgd", "adam", "sgd", "adam", "adam", "sgd", "sgd", "adam", "sgd", "adam", "sgd", "adam", "sgd", "sgd", "sgd", "sgd", "adam", "adam", "adam", "sgd", "sgd", "sgd", "adam", "adam", "adam", "adam", "adam", "sgd", "adam", "sgd", "sgd", "adam", "sgd", "sgd", "sgd", "adam", "adam"], "param_learning_rate": ["constant", "constant", "adaptive", "constant", "adaptive", "constant", "adaptive", "adaptive", "adaptive", "constant", "adaptive", "constant", "adaptive", "constant", "adaptive", "adaptive", "constant", "adaptive", "adaptive", "adaptive", "adaptive", "adaptive", "constant", "constant", "adaptive", "adaptive", "adaptive", "constant", "adaptive", "adaptive", "adaptive", "constant", "adaptive", "constant", "constant", "adaptive", "adaptive", "adaptive", "constant", "constant", "adaptive", "adaptive", "adaptive", "adaptive", "adaptive", "adaptive", "constant", "constant", "adaptive", "constant"], "param_hidden_layer_sizes": [200, 25, 150, 200, 50, 150, 50, 100, 150, 200, 150, 200, 100, 25, 50, 200, 100, 50, 200, 200, 200, 25, 25, 100, 100, 150, 25, 200, 100, 150, 100, 150, 25, 50, 50, 100, 200, 50, 50, 100, 150, 25, 50, 25, 25, 150, 100, 200, 100, 150], "param_alpha": [0.001, 0.1, 0.01, 0.001, 0.01, 0.001, 0.01, 0.001, 0.1, 0.1, 0.01, 0.01, 0.001, 0.01, 0.1, 0.001, 0.1, 0.001, 0.01, 0.1, 0.01, 0.001, 0.01, 0.01, 0.001, 0.1, 0.001, 0.001, 0.01, 0.1, 0.1, 0.1, 0.01, 0.001, 0.001, 0.01, 0.1, 0.001, 0.001, 0.01, 0.001, 0.1, 0.001, 0.1, 0.1, 0.001, 0.01, 0.01, 0.1, 0.1], "param_activation": ["logistic", "logistic", "relu", "tanh", "relu", "logistic", "logistic", "tanh", "tanh", "tanh", "tanh", "relu", "tanh", "relu", "logistic", "logistic", "logistic", "relu", "tanh", "logistic", "tanh", "relu", "relu", "logistic", "logistic", "relu", "tanh", "logistic", "relu", "relu", "tanh", "logistic", "relu", "relu", "tanh", "logistic", "tanh", "tanh", "tanh", "logistic", "logistic", "logistic", "relu", "tanh", "relu", "relu", "tanh", "logistic", "relu", "tanh"], "params": [{"solver": "adam", "learning_rate": "constant", "hidden_layer_sizes": 200, "alpha": 0.001, "activation": "logistic"}, {"solver": "sgd", "learning_rate": "constant", "hidden_layer_sizes": 25, "alpha": 0.1, "activation": "logistic"}, {"solver": "adam", "learning_rate": "adaptive", "hidden_layer_sizes": 150, "alpha": 0.01, "activation": "relu"}, {"solver": "sgd", "learning_rate": "constant", "hidden_layer_sizes": 200, "alpha": 0.001, "activation": "tanh"}, {"solver": "adam", "learning_rate": "adaptive", "hidden_layer_sizes": 50, "alpha": 0.01, "activation": "relu"}, {"solver": "adam", "learning_rate": "constant", "hidden_layer_sizes": 150, "alpha": 0.001, "activation": "logistic"}, {"solver": "sgd", "learning_rate": "adaptive", "hidden_layer_sizes": 50, "alpha": 0.01, "activation": "logistic"}, {"solver": "sgd", "learning_rate": "adaptive", "hidden_layer_sizes": 100, "alpha": 0.001, "activation": "tanh"}, {"solver": "adam", "learning_rate": "adaptive", "hidden_layer_sizes": 150, "alpha": 0.1, "activation": "tanh"}, {"solver": "sgd", "learning_rate": "constant", "hidden_layer_sizes": 200, "alpha": 0.1, "activation": "tanh"}, {"solver": "adam", "learning_rate": "adaptive", "hidden_layer_sizes": 150, "alpha": 0.01, "activation": "tanh"}, {"solver": "adam", "learning_rate": "constant", "hidden_layer_sizes": 200, "alpha": 0.01, "activation": "relu"}, {"solver": "adam", "learning_rate": "adaptive", "hidden_layer_sizes": 100, "alpha": 0.001, "activation": "tanh"}, {"solver": "sgd", "learning_rate": "constant", "hidden_layer_sizes": 25, "alpha": 0.01, "activation": "relu"}, {"solver": "adam", "learning_rate": "adaptive", "hidden_layer_sizes": 50, "alpha": 0.1,