{"mean_fit_time": [8.590853118896485, 1.839537763595581, 2.92859263420105, 6.6599279880523685, 2.0215219020843507, 4.718769121170044, 2.1073540687561034, 2.9720391750335695, 4.813682222366333, 6.647469425201416, 3.461096000671387, 5.017567110061646, 2.7899563789367674, 1.8303103923797608, 2.206105947494507, 6.576399898529052, 3.2263622760772703, 2.0574332237243653, 6.623378276824951, 6.764624309539795, 5.923365545272827, 1.8130811214447022, 1.896189546585083, 2.8916284084320067, 3.2370760917663572, 3.988394832611084, 1.8511432647705077, 6.5805731296539305, 2.912398862838745, 4.697009706497193, 3.305259275436401, 4.691424942016601, 1.8458974838256836, 2.0982401371002197, 2.127176856994629, 3.2368234634399413, 8.67767128944397, 2.27653546333313, 2.275839424133301, 3.2318164825439455, 3.960646867752075, 1.9316150188446044, 2.1252670764923094, 1.8446465969085692, 1.8958735466003418, 3.987229061126709, 2.9571150302886964, 6.573243284225464, 3.191172790527344, 4.8280233383178714], "std_fit_time": [0.032332195003151126, 0.009929358305077188, 0.08467117112278325, 0.04952028630385461, 0.042500780297503475, 0.008662283923545233, 0.011079557639164355, 0.015647383513884325, 0.00808094692375586, 0.032771234098369184, 0.1425174861575612, 0.10839620898005566, 0.07561858972398078, 0.006475424519649976, 0.014939842025095495, 0.0659743505412469, 0.014556049331947582, 0.058234497594339525, 0.00653668845043779, 0.3006117082805531, 0.1293020846991943, 0.007902542024485265, 0.007589448828649745, 0.026019204621547217, 0.01405486992358409, 0.016913538452951023, 0.01402326037606285, 0.05915983821984717, 0.03387326924734616, 0.02114920659933072, 0.010306422981131132, 0.017591310595911794, 0.012805807883134299, 0.016109336472799544, 0.008568779772879861, 0.038668265484502744, 0.011007913950206553, 0.010111981143047184, 0.0018913743722247848, 0.019209269743317596, 0.027636359657161276, 0.03543670465757573, 0.050729297579416015, 0.012671940686537177, 0.01678957179146786, 0.021329822217851215, 0.017035808876465997, 0.0062678178370114464, 0.01641212678809796, 0.05653873778429716], "mean_score_time": [0.003117656707763672, 0.0031238555908203124, 0.00935988426208496, 0.003123760223388672, 0.0, 0.009367942810058594, 0.0156280517578125, 0.0031302928924560546, 0.0062408924102783205, 0.012487030029296875, 0.012492704391479491, 0.006247901916503906, 0.003130674362182617, 0.003124427795410156, 0.01562633514404297, 0.0031243324279785155, 0.006252574920654297, 0.0, 0.01249995231628418, 0.009368896484375, 0.009369611740112305, 0.015608644485473633, 0.006260108947753906, 0.00625143051147461, 0.0031261444091796875, 0.006252098083496094, 0.006247329711914063, 0.006258440017700195, 0.0062389373779296875, 0.006244230270385742, 0.0031226158142089845, 0.012487411499023438, 0.006239986419677735, 0.009363651275634766, 0.00626225471496582, 0.012492704391479491, 0.009377861022949218, 0.006255388259887695, 0.009367656707763673, 0.0031209945678710937, 0.00936298370361328, 0.009370803833007812, 0.009366846084594727, 0.0031308650970458983, 0.012492227554321288, 0.009375810623168945, 0.0062408924102783205, 0.006241512298583984, 0.0, 0.009365606307983398], "std_score_time": [0.006235313415527344, 0.006247711181640626, 0.0076423189786734005, 0.006247520446777344, 0.0, 0.007648894470233915, 1.7214679960782952e-05, 0.006260585784912109, 0.007643506597983201, 0.006243562217109663, 0.0062463851137901085, 0.0076520859777655745, 0.006261348724365234, 0.006248855590820312, 2.1342711318760638e-05, 0.006248664855957031, 0.007657810783245399, 0.0, 0.006249987467514243, 0.007649696632233869, 0.00765026759264559, 1.2985913911975064e-05, 0.007667036400771408, 0.007656420858628112, 0.006252288818359375, 0.007657238181998972, 0.007651385453964896, 0.007664992398019958, 0.007641113235428144, 0.007647589624174477, 0.00624523162841797, 0.006243718719221319, 0.0076424047904691565, 0.007645401493014377, 0.007669664363660265, 0.006246387503504906, 0.007656999614386736, 0.007661261652777829, 0.007648697308304543, 0.0062419891357421865, 0.007644874916700578, 0.0076512301465480334, 0.007648018825568329, 0.006261730194091796, 0.006246158989488847, 0.00765532916264923, 0.0076435085761783214, 0.00764426832142144, 0.0, 0.00764700011367728], "param_solver": ["adam", "sgd", "adam", "sgd", "adam", "adam", "sgd", "sgd", "adam", "sgd", "adam", "adam", "adam", "sgd", "adam", "sgd", "adam", "adam", "sgd", "sgd", "adam", "sgd", "adam", "sgd", "adam", "sgd", "sgd", "sgd", "sgd", "adam", "adam", "adam", "sgd", "sgd", "sgd", "adam", "adam", "adam", "adam", "adam", "sgd", "adam", "sgd", "sgd", "adam", "sgd", "sgd", "sgd", "adam", "adam"], "param_learning_rate": ["constant", "constant", "adaptive", "constant", "adaptive", "constant", "adaptive", "adaptive", "adaptive", "constant", "adaptive", "constant", "adaptive", "constant", "adaptive", "adaptive", "constant", "adaptive", "adaptive", "adaptive", "adaptive", "adaptive", "constant", "constant", "adaptive", "adaptive", "adaptive", "constant", "adaptive", "adaptive", "adaptive", "constant", "adaptive", "constant", "constant", "adaptive", "adaptive", "adaptive", "constant", "constant", "adaptive", "adaptive", "adaptive", "adaptive", "adaptive", "adaptive", "constant", "constant", "adaptive", "constant"], "param_hidden_layer_sizes": [200, 25, 150, 200, 50, 150, 50, 100, 150, 200, 150, 200, 100, 25, 50, 200, 100, 50, 200, 200, 200, 25, 25, 100, 100, 150, 25, 200, 100, 150, 100, 150, 25, 50, 50, 100, 200, 50, 50, 100, 150, 25, 50, 25, 25, 150, 100, 200, 100, 150], "param_alpha": [0.001, 0.1, 0.01, 0.001, 0.01, 0.001, 0.01, 0.001, 0.1, 0.1, 0.01, 0.01, 0.001, 0.01, 0.1, 0.001, 0.1, 0.001, 0.01, 0.1, 0.01, 0.001, 0.01, 0.01, 0.001, 0.1, 0.001, 0.001, 0.01, 0.1, 0.1, 0.1, 0.01, 0.001, 0.001, 0.01, 0.1, 0.001, 0.001, 0.01, 0.001, 0.1, 0.001, 0.1, 0.1, 0.001, 0.01, 0.01, 0.1, 0.1], "param_activation": ["logistic", "logistic", "relu", "tanh", "relu", "logistic", "logistic", "tanh", "tanh", "tanh", "tanh", "relu", "tanh", "relu", "logistic", "logistic", "logistic", "relu", "tanh", "logistic", "tanh", "relu", "relu", "logistic", "logistic", "relu", "tanh", "logistic", "relu", "relu", "tanh", "logistic", "relu", "relu", "tanh", "logistic", "tanh", "tanh", "tanh", "logistic", "logistic", "logistic", "relu", "tanh", "relu", "relu", "tanh", "logistic", "relu", "tanh"], "params": [{"solver": "adam", "learning_rate": "constant", "hidden_layer_sizes": 200, "alpha": 0.001, "activation": "logistic"}, {"solver": "sgd", "learning_rate": "constant", "hidden_layer_sizes": 25, "alpha": 0.1, "activation": "logistic"}, {"solver": "adam", "learning_rate": "adaptive", "hidden_layer_sizes": 150, "alpha": 0.01, "activation": "relu"}, {"solver": "sgd", "learning_rate": "constant", "hidden_layer_sizes": 200, "alpha": 0.001, "activation": "tanh"}, {"solver": "adam", "learning_rate": "adaptive", "hidden_layer_sizes": 50, "alpha": 0.01, "activation": "relu"}, {"solver": "adam", "learning_rate": "constant", "hidden_layer_sizes": 150, "alpha": 0.001, "activation": "logistic"}, {"solver": "sgd", "learning_rate": "adaptive", "hidden_layer_sizes": 50, "alpha": 0.01, "activation": "logistic"}, {"solver": "sgd", "learning_rate": "adaptive", "hidden_layer_sizes": 100, "alpha": 0.001, "activation": "tanh"}, {"solver": "adam", "learning_rate": "adaptive", "hidden_layer_sizes": 150, "alpha": 0.1, "activation": "tanh"}, {"solver": "sgd", "learning_rate": "constant", "hidden_layer_sizes": 200, "alpha": 0.1, "activation": "tanh"}, {"solver": "adam", "learning_rate": "adaptive", "hidden_layer_sizes": 150, "alpha": 0.01, "activation": "tanh"}, {"solver": "adam", "learning_rate": "constant", "hidden_layer_sizes": 200, "alpha": 0.01, "activation": "relu"}, {"solver": "adam", "learning_rate": "adaptive", "hidden_layer_sizes": 100, "alpha": 0.001, "activation": "tanh"}, {"solver": "sgd", "learning_rate": "constant", "hidden_layer_sizes": 25, "alpha": 0.01, "activation": "relu"}, {"solver": "adam", "learning_rate": "adaptive", "hidden_layer_sizes": 50,