{"mean_fit_time": [8.57191481590271, 1.8359236240386962, 2.972742462158203, 6.6684520721435545, 2.003995084762573, 4.972905015945434, 2.0820446968078614, 2.9455825328826903, 4.95697431564331, 6.709171915054322, 3.539121389389038, 5.0269303798675535, 2.7837007999420167, 1.823232650756836, 2.2219989776611326, 6.566691207885742, 3.217157506942749, 2.067639923095703, 6.644142818450928, 6.566856098175049, 5.894226360321045, 1.8533512115478517, 1.8944572448730468, 2.901548671722412, 3.218833494186401, 4.457571315765381, 1.846998643875122, 6.568774843215943, 2.95669207572937, 4.887854337692261, 3.2974101066589356, 4.8444647789001465, 1.8376732349395752, 2.1080473899841308, 2.1234413623809814, 3.2182420253753663, 8.737360763549805, 2.268951416015625, 2.2578845977783204, 3.214391279220581, 4.428008222579956, 1.8943835258483888, 2.127922248840332, 1.8485441207885742, 1.8978057384490967, 4.419779300689697, 2.953323316574097, 6.579700708389282, 3.1975067138671873, 4.995089721679688], "std_fit_time": [0.019936321430110194, 0.005808076941975876, 0.06039015486501628, 0.030407071924080407, 0.05003778926148968, 0.17055524705026312, 0.013712435352483923, 0.013919190194334975, 0.020363176016849296, 0.03389390068948524, 0.06219009843297245, 0.11325227104840963, 0.06875398631913376, 0.01159787732119393, 0.011527646896024356, 0.021736664467803604, 0.057255345607799234, 0.05800603261298809, 0.00481012647327667, 0.011825224048082946, 0.12714848656518604, 0.04272550300148944, 0.014951599418380208, 0.01968216847589591, 0.015220450462990986, 0.03953131161177866, 0.007727420848788214, 0.012773690558364362, 0.039662543171617624, 0.14004146867521383, 0.011910832185766655, 0.019177261030118974, 0.008702147338354511, 0.010958853545946603, 0.011012191094010497, 0.02657712083838196, 0.04454219631065048, 0.015814813250286226, 0.018017786229594223, 0.010084397203602167, 0.05452461721341929, 0.01631219457193132, 0.04209087247963947, 0.01470820523470119, 0.007535756617926577, 0.03659558677084935, 0.008149793142516359, 0.012529361395003555, 0.010071673131272541, 0.0484269497994209], "mean_score_time": [0.006249713897705078, 0.003130674362182617, 0.006260442733764649, 0.006241893768310547, 0.012508964538574219, 0.015623140335083007, 0.003124380111694336, 0.0031235218048095703, 0.006248903274536133, 0.012500333786010741, 0.006255435943603516, 0.009373664855957031, 0.006255578994750976, 0.009385442733764649, 0.012481880187988282, 0.01249241828918457, 0.012471866607666016, 0.009386348724365234, 0.009365701675415039, 0.009377431869506837, 0.006257534027099609, 0.01250758171081543, 0.003124380111694336, 0.009373044967651368, 0.006245803833007812, 0.0062466621398925785, 0.0062468528747558595, 0.006245756149291992, 0.01248311996459961, 0.0031296253204345704, 0.006247711181640625, 0.012485504150390625, 0.006238365173339843, 0.009364509582519531, 0.012500953674316407, 0.006244850158691406, 0.003118085861206055, 0.0062446117401123045, 0.01560525894165039, 0.012498950958251953, 0.006239175796508789, 0.00936264991760254, 0.009371757507324219, 0.0031238079071044924, 0.009377145767211914, 0.009359312057495118, 0.003123044967651367, 0.009369230270385743, 0.006252861022949219, 0.006249284744262696], "std_score_time": [0.007654329760160931, 0.006261348724365234, 0.007667445134155115, 0.007644741955831496, 0.006254504059666838, 9.69915380215629e-06, 0.006248760223388671, 0.006247043609619141, 0.0076533122406525185, 0.0062501757082685325, 0.007661318255729013, 0.007653588693893891, 0.007661494087787083, 0.007663189585893305, 0.006240955965836244, 0.006246272868238298, 0.006235944771986374, 0.007663934459407951, 0.007647073488982761, 0.0076566489629930415, 0.0076638827087320135, 0.006253812961553695, 0.006248760223388672, 0.007653070153305653, 0.007649516225570014, 0.007650600853901655, 0.007650801615073766, 0.007649458320462446, 0.00624157146197216, 0.006259250640869141, 0.0076518524074251065, 0.006242776364996883, 0.007640415274908915, 0.007646123957075194, 0.006250486613472727, 0.007648371802887806, 0.006236171722412109, 0.0076480563664186865, 1.6609683180671783e-05, 0.006249484048188832, 0.0076414053371577206, 0.007644576311853806, 0.007652066477071739, 0.006247615814208985, 0.007656417954248887, 0.007641868385924922, 0.006246089935302734, 0.0076499637778598435, 0.007658168734259331, 0.007653797250321757], "param_solver": ["adam", "sgd", "adam", "sgd", "adam", "adam", "sgd", "sgd", "adam", "sgd", "adam", "adam", "adam", "sgd", "adam", "sgd", "adam", "adam", "sgd", "sgd", "adam", "sgd", "adam", "sgd", "adam", "sgd", "sgd", "sgd", "sgd", "adam", "adam", "adam", "sgd", "sgd", "sgd", "adam", "adam", "adam", "adam", "adam", "sgd", "adam", "sgd", "sgd", "adam", "sgd", "sgd", "sgd", "adam", "adam"], "param_learning_rate": ["constant", "constant", "adaptive", "constant", "adaptive", "constant", "adaptive", "adaptive", "adaptive", "constant", "adaptive", "constant", "adaptive", "constant", "adaptive", "adaptive", "constant", "adaptive", "adaptive", "adaptive", "adaptive", "adaptive", "constant", "constant", "adaptive", "adaptive", "adaptive", "constant", "adaptive", "adaptive", "adaptive", "constant", "adaptive", "constant", "constant", "adaptive", "adaptive", "adaptive", "constant", "constant", "adaptive", "adaptive", "adaptive", "adaptive", "adaptive", "adaptive", "constant", "constant", "adaptive", "constant"], "param_hidden_layer_sizes": [200, 25, 150, 200, 50, 150, 50, 100, 150, 200, 150, 200, 100, 25, 50, 200, 100, 50, 200, 200, 200, 25, 25, 100, 100, 150, 25, 200, 100, 150, 100, 150, 25, 50, 50, 100, 200, 50, 50, 100, 150, 25, 50, 25, 25, 150, 100, 200, 100, 150], "param_alpha": [0.001, 0.1, 0.01, 0.001, 0.01, 0.001, 0.01, 0.001, 0.1, 0.1, 0.01, 0.01, 0.001, 0.01, 0.1, 0.001, 0.1, 0.001, 0.01, 0.1, 0.01, 0.001, 0.01, 0.01, 0.001, 0.1, 0.001, 0.001, 0.01, 0.1, 0.1, 0.1, 0.01, 0.001, 0.001, 0.01, 0.1, 0.001, 0.001, 0.01, 0.001, 0.1, 0.001, 0.1, 0.1, 0.001, 0.01, 0.01, 0.1, 0.1], "param_activation": ["logistic", "logistic", "relu", "tanh", "relu", "logistic", "logistic", "tanh", "tanh", "tanh", "tanh", "relu", "tanh", "relu", "logistic", "logistic", "logistic", "relu", "tanh", "logistic", "tanh", "relu", "relu", "logistic", "logistic", "relu", "tanh", "logistic", "relu", "relu", "tanh", "logistic", "relu", "relu", "tanh", "logistic", "tanh", "tanh", "tanh", "logistic", "logistic", "logistic", "relu", "tanh", "relu", "relu", "tanh", "logistic", "relu", "tanh"], "params": [{"solver": "adam", "learning_rate": "constant", "hidden_layer_sizes": 200, "alpha": 0.001, "activation": "logistic"}, {"solver": "sgd", "learning_rate": "constant", "hidden_layer_sizes": 25, "alpha": 0.1, "activation": "logistic"}, {"solver": "adam", "learning_rate": "adaptive", "hidden_layer_sizes": 150, "alpha": 0.01, "activation": "relu"}, {"solver": "sgd", "learning_rate": "constant", "hidden_layer_sizes": 200, "alpha": 0.001, "activation": "tanh"}, {"solver": "adam", "learning_rate": "adaptive", "hidden_layer_sizes": 50, "alpha": 0.01, "activation": "relu"}, {"solver": "adam", "learning_rate": "constant", "hidden_layer_sizes": 150, "alpha": 0.001, "activation": "logistic"}, {"solver": "sgd", "learning_rate": "adaptive", "hidden_layer_sizes": 50, "alpha": 0.01, "activation": "logistic"}, {"solver": "sgd", "learning_rate": "adaptive", "hidden_layer_sizes": 100, "alpha": 0.001, "activation": "tanh"}, {"solver": "adam", "learning_rate": "adaptive", "hidden_layer_sizes": 150, "alpha": 0.1, "activation": "tanh"}, {"solver": "sgd", "learning_rate": "constant", "hidden_layer_sizes": 200, "alpha": 0.1, "activation": "tanh"}, {"solver": "adam", "learning_rate": "adaptive", "hidden_layer_sizes": 150, "alpha": 0.01, "activation": "tanh"}, {"solver": "adam", "learning_rate": "constant", "hidden_layer_sizes": 200, "alpha": 0.01, "activation": "relu"}, {"solver": "adam", "learning_rate": "adaptive", "hidden_layer_sizes": 100, "alpha": 0.001, "activation": "tanh"}, {"solver": "sgd", "learning_rate": "constant", "hidden_layer_sizes": 25, "alpha": 0.01,