{"mean_fit_time": [8.747490644454956, 1.7769212245941162, 2.7447218894958496, 6.526834201812744, 1.9718501091003418, 4.396683645248413, 2.0492406368255613, 2.8436465740203856, 4.504319190979004, 6.520356178283691, 3.1768978118896483, 4.964446878433227, 2.7406147480010987, 1.7538167476654052, 2.1494979858398438, 6.432739543914795, 3.1472983837127684, 2.0100138187408447, 6.49841833114624, 6.444097805023193, 5.811121892929077, 1.7623472690582276, 1.8194454669952393, 2.7739366054534913, 3.1133317947387695, 3.870205593109131, 1.7740057468414308, 6.420978689193726, 2.8057934284210204, 4.363301849365234, 3.1852931499481203, 4.325707054138183, 1.7920172214508057, 2.0316508769989015, 2.060501718521118, 3.1137248992919924, 8.568614387512207, 2.19249906539917, 2.2002614021301268, 3.1294079780578614, 3.9064727783203126, 1.847736644744873, 2.0502675056457518, 1.7798421859741211, 1.8395502090454101, 3.8727111339569094, 2.846250629425049, 6.4493170261383055, 3.0840961933135986, 4.485065984725952], "std_fit_time": [0.3331404100591285, 0.006220976429319739, 0.11160881417127495, 0.018035270819942138, 0.05547536906344537, 0.06954923081481348, 0.01801762580272155, 0.009619234903220444, 0.07768027505640869, 0.04483816224930175, 0.08112362853662629, 0.10567429861679702, 0.08564993473218992, 0.011493185909074638, 0.007646887330806314, 0.011662529428360706, 0.08794201493848633, 0.06574129523007763, 9.974687978785348e-05, 0.017408140062002562, 0.12536064561489096, 0.015103440369153492, 0.005630191253192648, 0.01304168030994288, 0.014028036465892782, 0.030735763096937936, 0.01224740148074344, 0.014174104984884885, 0.020942533688007206, 0.07589045673557279, 0.013458975740165715, 0.02139466521202502, 0.04321368878106984, 0.0017523322625303767, 0.0030177240639982857, 0.025789394159225047, 0.013621235619258727, 0.006860725351061006, 0.00574202015295968, 0.016931284156067188, 0.17765786015008922, 0.01041624608522193, 0.008172898349627668, 0.010600127618631208, 0.01237360516120185, 0.01059357830657466, 0.01563699496235444, 0.04858990045214874, 0.007927964032503565, 0.05988517019029969], "mean_score_time": [0.0031187057495117186, 0.0031198501586914063, 0.009362554550170899, 0.009376239776611329, 0.003124427795410156, 0.006252813339233399, 0.006247758865356445, 0.0031310081481933593, 0.0, 0.01562032699584961, 0.006247043609619141, 0.012496709823608398, 0.006246042251586914, 0.012502098083496093, 0.009359216690063477, 0.0031241416931152345, 0.009365415573120118, 0.0031271457672119142, 0.006241512298583984, 0.006247615814208985, 0.006248950958251953, 0.0031231403350830077, 0.006247425079345703, 0.009370517730712891, 0.003123950958251953, 0.00936737060546875, 0.006247425079345703, 0.003123903274536133, 0.0062482357025146484, 0.006237459182739258, 0.0031243324279785155, 0.006252670288085937, 0.00624847412109375, 0.015610837936401367, 0.0031246185302734376, 0.0031244754791259766, 0.009372806549072266, 0.01563229560852051, 0.0062482357025146484, 0.009370565414428711, 0.0031238555908203124, 0.006248044967651367, 0.009357118606567382, 0.006247282028198242, 0.006241130828857422, 0.009371328353881835, 0.006247425079345703, 0.012496614456176757, 0.009370565414428711, 0.006246089935302734], "std_score_time": [0.006237411499023437, 0.006239700317382813, 0.00764450384860475, 0.007655673654123378, 0.006248855590820312, 0.007658110929610661, 0.0076519108601821656, 0.0062620162963867194, 0.0, 9.841808052325389e-07, 0.007651034623726544, 0.006248355547480908, 0.007649809421243131, 0.006251062872825656, 0.007641779573959105, 0.006248283386230469, 0.007646832367929247, 0.0062542915344238285, 0.007644268102800577, 0.007651735440249329, 0.007653370732765304, 0.0062462806701660155, 0.007651501973912916, 0.007650996172065439, 0.006247901916503906, 0.007648428242299354, 0.007651501849104814, 0.006247806549072267, 0.007652494635243278, 0.0076393159973046545, 0.006248664855957031, 0.007657931948609004, 0.007652811355018545, 2.5670762134967905e-05, 0.006249237060546876, 0.006248950958251953, 0.007652864575786996, 2.6681840645526806e-05, 0.0076524946411857505, 0.0076510350873277965, 0.006247711181640626, 0.007652289118626237, 0.007640065047127368, 0.007651326758270132, 0.007643805290724799, 0.007651658139645216, 0.007651501878821028, 0.006248307245146024, 0.007651034806492426, 0.007649868136307942], "param_solver": ["adam", "sgd", "adam", "sgd", "adam", "adam", "sgd", "sgd", "adam", "sgd", "adam", "adam", "adam", "sgd", "adam", "sgd", "adam", "adam", "sgd", "sgd", "adam", "sgd", "adam", "sgd", "adam", "sgd", "sgd", "sgd", "sgd", "adam", "adam", "adam", "sgd", "sgd", "sgd", "adam", "adam", "adam", "adam", "adam", "sgd", "adam", "sgd", "sgd", "adam", "sgd", "sgd", "sgd", "adam", "adam"], "param_learning_rate": ["constant", "constant", "adaptive", "constant", "adaptive", "constant", "adaptive", "adaptive", "adaptive", "constant", "adaptive", "constant", "adaptive", "constant", "adaptive", "adaptive", "constant", "adaptive", "adaptive", "adaptive", "adaptive", "adaptive", "constant", "constant", "adaptive", "adaptive", "adaptive", "constant", "adaptive", "adaptive", "adaptive", "constant", "adaptive", "constant", "constant", "adaptive", "adaptive", "adaptive", "constant", "constant", "adaptive", "adaptive", "adaptive", "adaptive", "adaptive", "adaptive", "constant", "constant", "adaptive", "constant"], "param_hidden_layer_sizes": [200, 25, 150, 200, 50, 150, 50, 100, 150, 200, 150, 200, 100, 25, 50, 200, 100, 50, 200, 200, 200, 25, 25, 100, 100, 150, 25, 200, 100, 150, 100, 150, 25, 50, 50, 100, 200, 50, 50, 100, 150, 25, 50, 25, 25, 150, 100, 200, 100, 150], "param_alpha": [0.001, 0.1, 0.01, 0.001, 0.01, 0.001, 0.01, 0.001, 0.1, 0.1, 0.01, 0.01, 0.001, 0.01, 0.1, 0.001, 0.1, 0.001, 0.01, 0.1, 0.01, 0.001, 0.01, 0.01, 0.001, 0.1, 0.001, 0.001, 0.01, 0.1, 0.1, 0.1, 0.01, 0.001, 0.001, 0.01, 0.1, 0.001, 0.001, 0.01, 0.001, 0.1, 0.001, 0.1, 0.1, 0.001, 0.01, 0.01, 0.1, 0.1], "param_activation": ["logistic", "logistic", "relu", "tanh", "relu", "logistic", "logistic", "tanh", "tanh", "tanh", "tanh", "relu", "tanh", "relu", "logistic", "logistic", "logistic", "relu", "tanh", "logistic", "tanh", "relu", "relu", "logistic", "logistic", "relu", "tanh", "logistic", "relu", "relu", "tanh", "logistic", "relu", "relu", "tanh", "logistic", "tanh", "tanh", "tanh", "logistic", "logistic", "logistic", "relu", "tanh", "relu", "relu", "tanh", "logistic", "relu", "tanh"], "params": [{"solver": "adam", "learning_rate": "constant", "hidden_layer_sizes": 200, "alpha": 0.001, "activation": "logistic"}, {"solver": "sgd", "learning_rate": "constant", "hidden_layer_sizes": 25, "alpha": 0.1, "activation": "logistic"}, {"solver": "adam", "learning_rate": "adaptive", "hidden_layer_sizes": 150, "alpha": 0.01, "activation": "relu"}, {"solver": "sgd", "learning_rate": "constant", "hidden_layer_sizes": 200, "alpha": 0.001, "activation": "tanh"}, {"solver": "adam", "learning_rate": "adaptive", "hidden_layer_sizes": 50, "alpha": 0.01, "activation": "relu"}, {"solver": "adam", "learning_rate": "constant", "hidden_layer_sizes": 150, "alpha": 0.001, "activation": "logistic"}, {"solver": "sgd", "learning_rate": "adaptive", "hidden_layer_sizes": 50, "alpha": 0.01, "activation": "logistic"}, {"solver": "sgd", "learning_rate": "adaptive", "hidden_layer_sizes": 100, "alpha": 0.001, "activation": "tanh"}, {"solver": "adam", "learning_rate": "adaptive", "hidden_layer_sizes": 150, "alpha": 0.1, "activation": "tanh"}, {"solver": "sgd", "learning_rate": "constant", "hidden_layer_sizes": 200, "alpha": 0.1, "activation": "tanh"}, {"solver": "adam", "learning_rate": "adaptive", "hidden_layer_sizes": 150, "alpha": 0.01, "activation": "tanh"}, {"solver": "adam", "learning_rate": "constant", "hidden_layer_sizes": 200, "alpha": 0.01, "activation": "relu"}, {"solver": "adam", "learning_rate": "adaptive", "hidden_layer_sizes": 100, "alpha": 0.001, "activation": "tanh"}, {"solver": "sgd", "learning_rate": "constant", "hidden_layer_sizes": 25, "alpha": 0.01,