{"mean_fit_time": [12.707059764862061, 3.848532295227051, 3.4236247539520264, 5.00666823387146, 4.987041473388672, 3.7761783599853516, 3.7766555309295655, 5.412057685852051, 5.530667400360107, 6.3550396919250485, 9.721695280075073, 16.710778951644897, 4.538956212997436, 3.5107529163360596, 5.568162298202514, 3.4138784408569336, 3.870408821105957, 4.126924276351929, 7.248364400863648, 4.459600353240967], "std_fit_time": [0.04679043647963622, 0.0464855458460985, 0.01173161656101458, 0.01933616853129347, 0.017952461533841366, 0.01459484567744211, 0.013389386693320966, 0.058287125694057224, 0.10531316396457442, 0.01590410352375845, 0.232695677753375, 0.0279930222565971, 0.1145599146376948, 0.009432041996033402, 0.013182779426924111, 0.012495889437990985, 0.06065812617156568, 0.0482127054123767, 0.0317179699339827, 0.0909710327751558], "mean_score_time": [0.01688694953918457, 0.015968751907348634, 0.012209463119506835, 0.015822505950927733, 0.013988351821899414, 0.019246768951416016, 0.015619182586669922, 0.01561908721923828, 0.01563291549682617, 0.019462060928344727, 0.01562652587890625, 0.020637989044189453, 0.016568613052368165, 0.01249399185180664, 0.018837785720825194, 0.015637922286987304, 0.013151264190673828, 0.015968751907348634, 0.015616655349731445, 0.013083744049072265], "std_score_time": [0.0025032243988343645, 0.0006513735977715125, 0.006127338642061708, 0.0004060179669658848, 0.006579583889503165, 0.006027382682508951, 3.965496613748892e-06, 3.936145607660091e-06, 3.054863124705712e-05, 0.0065945816542465055, 1.740723419490235e-05, 0.006442015259056201, 0.0013298202743113746, 0.006246996574684847, 0.0062275658839844325, 0.009883279664822907, 0.0066987990518388935, 0.004705144238055741, 2.5830317714279478e-05, 0.006637015746466741], "param_activation": ["relu", "tanh", "relu", "tanh", "tanh", "relu", "relu", "relu", "tanh", "logistic", "relu", "tanh", "relu", "tanh", "tanh", "relu", "relu", "tanh", "relu", "relu"], "param_alpha": [0.01, 0.1, 0.1, 0.001, 0.01, 0.1, 0.1, 0.1, 0.01, 0.1, 0.01, 0.1, 0.001, 0.001, 0.1, 0.001, 0.01, 0.01, 0.1, 0.01], "param_hidden_layer_sizes": [200, 50, 25, 100, 100, 50, 50, 100, 150, 150, 200, 200, 150, 25, 100, 25, 100, 50, 150, 150], "param_learning_rate": ["adaptive", "constant", "adaptive", "constant", "constant", "adaptive", "constant", "constant", "adaptive", "adaptive", "adaptive", "constant", "constant", "adaptive", "adaptive", "constant", "adaptive", "constant", "constant", "adaptive"], "param_solver": ["sgd", "sgd", "adam", "sgd", "sgd", "sgd", "sgd", "adam", "adam", "sgd", "adam", "adam", "adam", "adam", "adam", "adam", "adam", "adam", "adam", "adam"], "params": [{"activation": "relu", "alpha": 0.01, "hidden_layer_sizes": 200, "learning_rate": "adaptive", "solver": "sgd"}, {"activation": "tanh", "alpha": 0.1, "hidden_layer_sizes": 50, "learning_rate": "constant", "solver": "sgd"}, {"activation": "relu", "alpha": 0.1, "hidden_layer_sizes": 25, "learning_rate": "adaptive", "solver": "adam"}, {"activation": "tanh", "alpha": 0.001, "hidden_layer_sizes": 100, "learning_rate": "constant", "solver": "sgd"}, {"activation": "tanh", "alpha": 0.01, "hidden_layer_sizes": 100, "learning_rate": "constant", "solver": "sgd"}, {"activation": "relu", "alpha": 0.1, "hidden_layer_sizes": 50, "learning_rate": "adaptive", "solver": "sgd"}, {"activation": "relu", "alpha": 0.1, "hidden_layer_sizes": 50, "learning_rate": "constant", "solver": "sgd"}, {"activation": "relu", "alpha": 0.1, "hidden_layer_sizes": 100, "learning_rate": "constant", "solver": "adam"}, {"activation": "tanh", "alpha": 0.01, "hidden_layer_sizes": 150, "learning_rate": "adaptive", "solver": "adam"}, {"activation": "logistic", "alpha": 0.1, "hidden_layer_sizes": 150, "learning_rate": "adaptive", "solver": "sgd"}, {"activation": "relu", "alpha": 0.01, "hidden_layer_sizes": 200, "learning_rate": "adaptive", "solver": "adam"}, {"activation": "tanh", "alpha": 0.1, "hidden_layer_sizes": 200, "learning_rate": "constant", "solver": "adam"}, {"activation": "relu", "alpha": 0.001, "hidden_layer_sizes": 150, "learning_rate": "constant", "solver": "adam"}, {"activation": "tanh", "alpha": 0.001, "hidden_layer_sizes": 25, "learning_rate": "adaptive", "solver": "adam"}, {"activation": "tanh", "alpha": 0.1, "hidden_layer_sizes": 100, "learning_rate": "adaptive", "solver": "adam"}, {"activation": "relu", "alpha": 0.001, "hidden_layer_sizes": 25, "learning_rate": "constant", "solver": "adam"}, {"activation": "relu", "alpha": 0.01, "hidden_layer_sizes": 100, "learning_rate": "adaptive", "solver": "adam"}, {"activation": "tanh", "alpha": 0.01, "hidden_layer_sizes": 50, "learning_rate": "constant", "solver": "adam"}, {"activation": "relu", "alpha": 0.1, "hidden_layer_sizes": 150, "learning_rate": "constant", "solver": "adam"}, {"activation": "relu", "alpha": 0.01, "hidden_layer_sizes": 150, "learning_rate": "adaptive", "solver": "adam"}], "split0_test_score": [0.7785402678933855, 0.7345655503916374, 0.8313728509192906, 0.7622002106416808, 0.7622002106416808, 0.7515237778790411, 0.7515237778790411, 0.8537344877344877, 0.8400968316364509, 0.4347816510974406, 0.8338196491422298, 0.8239700227022142, 0.8411756366239127, 0.798721116974732, 0.841063035385616, 0.8384984051036684, 0.8541048581048581, 0.8037807440929038, 0.8568051536071559, 0.8411756366239127], "split1_test_score": [0.8352023566693205, 0.8283506787330317, 0.8670238284219234, 0.8130144098926619, 0.8130144098926619, 0.8267184591008121, 0.8267184591008121, 0.8751476866608712, 0.8675763535751985, 0.45239404926904936, 0.868469525741331, 0.8610489587139203, 0.8749018556593213, 0.8521882383865362, 0.8675658211618172, 0.8670238284219234, 0.8683762620070936, 0.866387954318989, 0.8675461133624026, 0.8749018556593213], "split2_test_score": [0.8198643629678111, 0.8565171916206399, 0.8817141140829297, 0.8152607729748571, 0.8152607729748571, 0.8496046546046546, 0.8496046546046546, 0.8666178958521756, 0.8664894770168603, 0.412809399063269, 0.8521878814221614, 0.8531742337794814, 0.8657788510888432, 0.8681045965528724, 0.8744220457252911, 0.8735501647425098, 0.8510977231647257, 0.8594615624027389, 0.8895198224883825, 0.8810848522771971], "split3_test_score": [0.8609582506634788, 0.8226332926332927, 0.8212009853945338, 0.8537090260694266, 0.8537090260694266, 0.8372593989564537, 0.8372593989564537, 0.8281867336524543, 0.8108480462892228, 0.4314972527472528, 0.8337886949422714, 0.8259821074646583, 0.8413612418047902, 0.8166084416140034, 0.8125992776302157, 0.8194072739553224, 0.8268143633859747, 0.8228730040005712, 0.8658075959285636, 0.8413612418047902], "split4_test_score": [0.8958272693227322, 0.8641231711969699, 0.9397054296466061, 0.8929729396922269, 0.8929729396922269, 0.8496820619841214, 0.8496820619841214, 0.9171314566966741, 0.9159211159211159, 0.4842940383415213, 0.9328601137424668, 0.908329984416941, 0.9159211159211159, 0.947485032267641, 0.9002338340794113, 0.9397054296466061, 0.9331122581122582, 0.9159211159211159, 0.9230953583453584, 0.9159211159211159], "mean_test_score": [0.8380785015033455, 0.8212379769151144, 0.8682034416930566, 0.8274314718541707, 0.8274314718541707, 0.8229576705050166, 0.8229576705050166, 0.8681636521193326, 0.8601863648877697, 0.4431552781037066, 0.864225172998092, 0.854501061415443, 0.8678277402195966, 0.8566214851591571, 0.8591768027964702, 0.867637020374006, 0.8667010929549821, 0.8536848761472637, 0.8805548087463727, 0.8708889404572675], "std_test_score": [0.03935284340268222, 0.04614847739937381, 0.042100326250623314, 0.04381161692539474, 0.04381161692539474, 0.03673074691534361, 0.03673074691534361, 0.029173161573582913, 0.0347521586565464, 0.024102497985638863, 0.03667299029822549, 0.030619155577722306, 0.02748826661216809, 0.05169370562651019, 0.029953454890175504, 0.04099844932496626, 0.03579477762417933, 0.03875017858436965, 0.023836201007277097, 0.027938225948224604], "rank_test_score": [14, 19, 3, 15, 15, 17, 17, 4, 9, 20, 8, 12, 5, 11, 10, 6, 7, 13, 1, 2]}