{"mean_fit_time": [4.807788944244384, 5.055302524566651, 2.190599966049194, 2.161953258514404, 4.81220817565918, 1.879918146133423, 4.0695497512817385, 1.8740532398223877, 2.320691204071045, 6.660789632797242, 1.9288657188415528, 3.3799631118774416, 3.018838405609131, 2.2758046627044677, 2.260357618331909, 1.8510741233825683, 1.8418519020080566, 3.941464900970459, 6.627110004425049, 2.9511290550231934, 5.0543797492980955, 3.03112587928772, 5.045279836654663, 5.839240455627442, 2.1004748821258543, 6.631906986236572, 2.807264041900635, 2.8274657249450685, 2.2804492473602296, 2.273241901397705, 5.840880298614502, 5.048803901672363, 2.796212673187256, 5.930332279205322, 8.721082639694213, 6.666982793807984, 6.700541353225708, 3.287944459915161, 8.577882623672485, 3.339844512939453, 8.623392009735108], "std_fit_time": [0.04935565015927472, 0.09154315330017675, 0.020527081395476387, 0.022245448007662944, 0.16617078731125662, 0.01025627237941134, 0.18939632395707565, 0.016708760973535436, 0.03237576624384388, 0.01661957736523131, 0.015286086017274374, 0.09218338446767058, 0.02818340621510963, 0.013298440519308456, 0.034802592535334125, 0.012500241638583261, 0.013404912647197655, 0.016440767458668456, 0.016828979115821496, 0.01931460576809655, 0.09562591541988602, 0.03294427023875423, 0.11757233839557132, 0.16690813674578658, 0.015173258033996648, 0.019707961795753657, 0.04987806469052484, 0.06010202544153169, 0.010082581344560151, 0.010592736604191206, 0.16404377277249316, 0.12156955165645197, 0.051337265940414406, 0.14206149890042363, 0.0172147231925126, 0.024100638166461408, 0.05645299817128776, 0.017337240873715746, 0.016134882726275647, 0.06872525311995363, 0.05499801674980031], "mean_score_time": [0.00936121940612793, 0.0124908447265625, 0.009374380111694336, 0.0031231403350830077, 0.009372138977050781, 0.009366035461425781, 0.009369850158691406, 0.006254339218139648, 0.00624542236328125, 0.006241703033447265, 0.0031239986419677734, 0.0031233310699462892, 0.0031171798706054687, 0.006253528594970703, 0.009371614456176758, 0.003124046325683594, 0.0, 0.006248044967651367, 0.009371662139892578, 0.012488031387329101, 0.0062484264373779295, 0.003123950958251953, 0.0093719482421875, 0.006247472763061523, 0.003123188018798828, 0.009372282028198241, 0.009369182586669921, 0.009371757507324219, 0.003123760223388672, 0.009371042251586914, 0.012509536743164063, 0.009375, 0.006248044967651367, 0.01250443458557129, 0.0093719482421875, 0.009372091293334961, 0.0, 0.015620756149291991, 0.0062411785125732425, 0.009369564056396485, 0.006242036819458008], "std_score_time": [0.007643420178616615, 0.006245432329539794, 0.007654149364966382, 0.0062462806701660155, 0.007652319435198395, 0.007647347616423064, 0.0076504512529049894, 0.0076599772580432995, 0.007649049015048199, 0.007644499495654247, 0.006247997283935547, 0.0062466621398925785, 0.006234359741210938, 0.00765898476971248, 0.0076518913340816955, 0.006248092651367188, 0.0, 0.007652261033697782, 0.0076519301190989914, 0.006244034722796145, 0.007652728251644502, 0.006247901916503906, 0.007652163845441156, 0.007651560496505181, 0.006246376037597656, 0.007652436277568748, 0.007649906227756129, 0.0076520084156515055, 0.006247520446777344, 0.007651454144624379, 0.006254785262540956, 0.007654656038791662, 0.007652261033697782, 0.00625223622058485, 0.007652163729557944, 0.007652280503588364, 0.0, 2.6523464174601326e-06, 0.007643856464616863, 0.007650217272433412, 0.007644908390624843], "param_hidden_layer_sizes": [150, 200, 50, 50, 150, 25, 150, 25, 100, 200, 25, 150, 100, 50, 50, 25, 25, 150, 200, 100, 200, 100, 200, 200, 50, 200, 100, 150, 50, 50, 200, 200, 150, 200, 200, 200, 200, 100, 200, 150, 200], "param_activation": ["tanh", "relu", "relu", "tanh", "tanh", "tanh", "relu", "logistic", "relu", "tanh", "logistic", "tanh", "tanh", "tanh", "logistic", "relu", "relu", "tanh", "relu", "logistic", "relu", "tanh", "relu", "tanh", "relu", "relu", "tanh", "relu", "tanh", "tanh", "tanh", "relu", "relu", "tanh", "tanh", "tanh", "tanh", "tanh", "relu", "tanh", "logistic"], "param_solver": ["adam", "adam", "adam", "sgd", "adam", "sgd", "sgd", "sgd", "adam", "sgd", "adam", "adam", "sgd", "adam", "adam", "sgd", "sgd", "sgd", "sgd", "sgd", "adam", "sgd", "adam", "adam", "sgd", "sgd", "adam", "adam", "adam", "adam", "adam", "adam", "adam", "adam", "adam", "sgd", "sgd", "adam", "adam", "adam", "adam"], "param_alpha": [0.1, 0.001, 0.1, 0.1, 0.1, 0.001, 0.01, 0.001, 0.001, 0.1, 0.01, 0.001, 0.001, 0.001, 0.01, 0.001, 0.01, 0.001, 0.1, 0.01, 0.01, 0.01, 0.001, 0.001, 0.1, 0.001, 0.001, 0.001, 0.001, 0.01, 0.001, 0.01, 0.01, 0.01, 0.1, 0.01, 0.001, 0.1, 0.1, 0.01, 0.001], "param_learning_rate": ["adaptive", "adaptive", "adaptive", "constant", "constant", "constant", "adaptive", "constant", "constant", "adaptive", "constant", "adaptive", "adaptive", "adaptive", "constant", "constant", "adaptive", "constant", "constant", "adaptive", "constant", "adaptive", "constant", "adaptive", "adaptive", "adaptive", "adaptive", "adaptive", "constant", "adaptive", "constant", "adaptive", "adaptive", "adaptive", "adaptive", "adaptive", "adaptive", "adaptive", "adaptive", "adaptive", "adaptive"], "params": [{"hidden_layer_sizes": 150, "activation": "tanh", "solver": "adam", "alpha": 0.1, "learning_rate": "adaptive"}, {"hidden_layer_sizes": 200, "activation": "relu", "solver": "adam", "alpha": 0.001, "learning_rate": "adaptive"}, {"hidden_layer_sizes": 50, "activation": "relu", "solver": "adam", "alpha": 0.1, "learning_rate": "adaptive"}, {"hidden_layer_sizes": 50, "activation": "tanh", "solver": "sgd", "alpha": 0.1, "learning_rate": "constant"}, {"hidden_layer_sizes": 150, "activation": "tanh", "solver": "adam", "alpha": 0.1, "learning_rate": "constant"}, {"hidden_layer_sizes": 25, "activation": "tanh", "solver": "sgd", "alpha": 0.001, "learning_rate": "constant"}, {"hidden_layer_sizes": 150, "activation": "relu", "solver": "sgd", "alpha": 0.01, "learning_rate": "adaptive"}, {"hidden_layer_sizes": 25, "activation": "logistic", "solver": "sgd", "alpha": 0.001, "learning_rate": "constant"}, {"hidden_layer_sizes": 100, "activation": "relu", "solver": "adam", "alpha": 0.001, "learning_rate": "constant"}, {"hidden_layer_sizes": 200, "activation": "tanh", "solver": "sgd", "alpha": 0.1, "learning_rate": "adaptive"}, {"hidden_layer_sizes": 25, "activation": "logistic", "solver": "adam", "alpha": 0.01, "learning_rate": "constant"}, {"hidden_layer_sizes": 150, "activation": "tanh", "solver": "adam", "alpha": 0.001, "learning_rate": "adaptive"}, {"hidden_layer_sizes": 100, "activation": "tanh", "solver": "sgd", "alpha": 0.001, "learning_rate": "adaptive"}, {"hidden_layer_sizes": 50, "activation": "tanh", "solver": "adam", "alpha": 0.001, "learning_rate": "adaptive"}, {"hidden_layer_sizes": 50, "activation": "logistic", "solver": "adam", "alpha": 0.01, "learning_rate": "constant"}, {"hidden_layer_sizes": 25, "activation": "relu", "solver": "sgd", "alpha": 0.001, "learning_rate": "constant"}, {"hidden_layer_sizes": 25, "activation": "relu", "solver": "sgd", "alpha": 0.01, "learning_rate": "adaptive"}, {"hidden_layer_sizes": 150, "activation": "tanh", "solver": "sgd", "alpha": 0.001, "learning_rate": "constant"}, {"hidden_layer_sizes": 200, "activation": "relu", "solver": "sgd", "alpha": 0.1, "learning_rate": "constant"}, {"hidden_layer_sizes": 100, "activation": "logistic", "solver": "sgd", "alpha": 0.01, "learning_rate": "adaptive"}, {"hidden_layer_sizes": 200, "activation": "relu", "solver": "adam", "alpha": 0.01, "learning_rate": "constant"}, {"hidden_layer_sizes": 100, "activation": "tanh", "solver": "sgd", "alpha": 0.01, "learning_rate": "adaptive"}, {"hidden_layer_sizes": 200, "activation": "relu", "solver": "adam", "alpha": 0.001, "learning_rate": "constant"}, {"hidden_layer_sizes": 200, "activation": "tanh", "solver": "adam", "alpha": 0.001, "learning_rate": "adaptive"}, {"hidden_layer_sizes": 50, "activation": "relu", "solver": "sgd", "alpha": 0.1,