{"mean_fit_time": [8.68639841079712, 1.8497115612030028, 2.9246239185333254, 6.670450687408447, 2.029384231567383, 4.7775819301605225, 2.1000343799591064, 2.9338011264801027, 4.930605936050415, 6.676907682418824, 3.4923861503601072, 5.091977548599243, 2.7850936889648437, 1.8284873008728026, 2.266201639175415, 6.611001825332641, 3.22637300491333, 2.0642980098724366, 6.679644966125489, 6.6468616962432865, 5.977335977554321, 1.8189900875091554, 1.8939504146575927, 2.880930233001709, 3.217763662338257, 3.9927367210388183, 1.8606926918029785, 6.612654066085815, 2.898402976989746, 4.975307416915894, 3.3143105030059816, 4.792824411392212, 1.8530988693237305, 2.111608123779297, 2.1328570365905763, 3.226434755325317, 8.799172067642212, 2.2876900672912597, 2.2884870052337645, 3.299435615539551, 3.95837721824646, 1.9120418548583984, 2.1110031604766846, 1.8314624786376954, 1.8940720558166504, 4.005610609054566, 2.929283046722412, 6.641693925857544, 3.2072627544403076, 4.901274967193603], "std_fit_time": [0.01466879665301508, 0.04170620241736832, 0.043034827413876195, 0.006464369480540704, 0.040499699175430434, 0.020839044342934633, 0.001731793564883371, 0.0075286666421092345, 0.054956938108955626, 0.006138632209990373, 0.08106019276295873, 0.11592759700577403, 0.04794996952080614, 0.016076175159132497, 0.04159999463377284, 0.014353095996187023, 0.017007004439695522, 0.05573254065042647, 0.0026002759796066865, 0.0462030698496341, 0.12633375594069537, 0.016408979535536293, 0.009897891588432094, 0.01520286995682407, 0.013099229769246898, 0.011593066785798661, 0.033546043259802844, 0.012329093440257953, 0.02060798866045678, 0.19704850937698187, 0.0219472223857899, 0.01413801826938544, 0.04157619078279551, 0.0069454673499445225, 0.006862587371616671, 0.020732764913615295, 0.00909482148124826, 0.00957749280639995, 0.00613437385830462, 0.08927640104949702, 0.014597723396611202, 0.00836596075908555, 0.004737183080209757, 0.008373797056531369, 0.006265727890612435, 0.02761356513557219, 0.010432863092396114, 0.06734398248257246, 0.015359616446861327, 0.0035823797363394223], "mean_score_time": [0.006980228424072266, 0.005969858169555664, 0.006977701187133789, 0.007380771636962891, 0.006384468078613282, 0.007367229461669922, 0.007387113571166992, 0.006586456298828125, 0.00718836784362793, 0.007180261611938477, 0.007169866561889648, 0.007780027389526367, 0.00677642822265625, 0.005784511566162109, 0.006571006774902344, 0.0077857494354248045, 0.006383371353149414, 0.007580709457397461, 0.007979154586791992, 0.007578754425048828, 0.0071807861328125, 0.0067881584167480465, 0.007185173034667969, 0.007369709014892578, 0.00697636604309082, 0.007574462890625, 0.006175327301025391, 0.00757756233215332, 0.006978654861450195, 0.00877532958984375, 0.007177305221557617, 0.008176088333129883, 0.0061890602111816405, 0.006379032135009765, 0.006388521194458008, 0.00837397575378418, 0.007777786254882813, 0.005969476699829101, 0.006372499465942383, 0.007173585891723633, 0.006976699829101563, 0.006387662887573242, 0.006365823745727539, 0.007385921478271484, 0.006986141204833984, 0.006781244277954101, 0.006978464126586914, 0.007584285736083984, 0.0069850444793701175, 0.00738368034362793], "std_score_time": [0.0006304514420272312, 0.0006412696899364593, 0.0010879283258997414, 0.0004883839733878612, 0.00048721858614271096, 0.001012084780085446, 0.0010263616433350312, 0.0004934391598729309, 0.0004096064606287111, 0.00039837989277641126, 0.0004042565301896627, 0.0026308433833863946, 0.0004011940380234634, 0.0004163865368494397, 0.00047205449092296267, 0.0011691744949829624, 0.00048497565620677605, 0.0023309236388986865, 0.0006302242371095486, 0.001739451841366636, 0.00039858867968333946, 0.001158123185436347, 0.0019461045726271256, 0.0004830481479705422, 0.0006343767252582719, 0.0011962392756200734, 0.00040382548696200524, 0.0004900085595427308, 0.0006297721880873908, 0.002220787051432668, 0.0011606677821195197, 0.002473816663880377, 0.00039623295456296204, 0.000491833376511057, 0.0004958210598285001, 0.00195510026185776, 0.0011627204598871307, 1.7539183004181422e-05, 0.0004979605077952324, 0.0007427120030566895, 0.0006296282786944089, 0.00048292793822859526, 0.0008069036418615636, 0.00279014667225063, 0.0010982368566167851, 0.0007562785940886853, 0.0006299995812971606, 0.0007958770061648788, 0.000618673208393352, 0.0004825547655376414], "param_solver": ["adam", "sgd", "adam", "sgd", "adam", "adam", "sgd", "sgd", "adam", "sgd", "adam", "adam", "adam", "sgd", "adam", "sgd", "adam", "adam", "sgd", "sgd", "adam", "sgd", "adam", "sgd", "adam", "sgd", "sgd", "sgd", "sgd", "adam", "adam", "adam", "sgd", "sgd", "sgd", "adam", "adam", "adam", "adam", "adam", "sgd", "adam", "sgd", "sgd", "adam", "sgd", "sgd", "sgd", "adam", "adam"], "param_learning_rate": ["constant", "constant", "adaptive", "constant", "adaptive", "constant", "adaptive", "adaptive", "adaptive", "constant", "adaptive", "constant", "adaptive", "constant", "adaptive", "adaptive", "constant", "adaptive", "adaptive", "adaptive", "adaptive", "adaptive", "constant", "constant", "adaptive", "adaptive", "adaptive", "constant", "adaptive", "adaptive", "adaptive", "constant", "adaptive", "constant", "constant", "adaptive", "adaptive", "adaptive", "constant", "constant", "adaptive", "adaptive", "adaptive", "adaptive", "adaptive", "adaptive", "constant", "constant", "adaptive", "constant"], "param_hidden_layer_sizes": [200, 25, 150, 200, 50, 150, 50, 100, 150, 200, 150, 200, 100, 25, 50, 200, 100, 50, 200, 200, 200, 25, 25, 100, 100, 150, 25, 200, 100, 150, 100, 150, 25, 50, 50, 100, 200, 50, 50, 100, 150, 25, 50, 25, 25, 150, 100, 200, 100, 150], "param_alpha": [0.001, 0.1, 0.01, 0.001, 0.01, 0.001, 0.01, 0.001, 0.1, 0.1, 0.01, 0.01, 0.001, 0.01, 0.1, 0.001, 0.1, 0.001, 0.01, 0.1, 0.01, 0.001, 0.01, 0.01, 0.001, 0.1, 0.001, 0.001, 0.01, 0.1, 0.1, 0.1, 0.01, 0.001, 0.001, 0.01, 0.1, 0.001, 0.001, 0.01, 0.001, 0.1, 0.001, 0.1, 0.1, 0.001, 0.01, 0.01, 0.1, 0.1], "param_activation": ["logistic", "logistic", "relu", "tanh", "relu", "logistic", "logistic", "tanh", "tanh", "tanh", "tanh", "relu", "tanh", "relu", "logistic", "logistic", "logistic", "relu", "tanh", "logistic", "tanh", "relu", "relu", "logistic", "logistic", "relu", "tanh", "logistic", "relu", "relu", "tanh", "logistic", "relu", "relu", "tanh", "logistic", "tanh", "tanh", "tanh", "logistic", "logistic", "logistic", "relu", "tanh", "relu", "relu", "tanh", "logistic", "relu", "tanh"], "params": [{"solver": "adam", "learning_rate": "constant", "hidden_layer_sizes": 200, "alpha": 0.001, "activation": "logistic"}, {"solver": "sgd", "learning_rate": "constant", "hidden_layer_sizes": 25, "alpha": 0.1, "activation": "logistic"}, {"solver": "adam", "learning_rate": "adaptive", "hidden_layer_sizes": 150, "alpha": 0.01, "activation": "relu"}, {"solver": "sgd", "learning_rate": "constant", "hidden_layer_sizes": 200, "alpha": 0.001, "activation": "tanh"}, {"solver": "adam", "learning_rate": "adaptive", "hidden_layer_sizes": 50, "alpha": 0.01, "activation": "relu"}, {"solver": "adam", "learning_rate": "constant", "hidden_layer_sizes": 150, "alpha": 0.001, "activation": "logistic"}, {"solver": "sgd", "learning_rate": "adaptive", "hidden_layer_sizes": 50, "alpha": 0.01, "activation": "logistic"}, {"solver": "sgd", "learning_rate": "adaptive", "hidden_layer_sizes": 100, "alpha": 0.001, "activation": "tanh"}, {"solver": "adam", "learning_rate": "adaptive", "hidden_layer_sizes": 150, "alpha": 0.1, "activation": "tanh"}, {"solver": "sgd", "learning_rate": "constant", "hidden_layer_sizes": 200, "alpha": 0.1, "activation": "tanh"}, {"solver": "adam", "learning_rate": "adaptive", "hidden_layer_sizes": 150, "alpha": 0.01, "activation": "tanh"}, {"solver": "adam", "learning_rate": "constant", "hidden_layer_sizes": 200, "alpha": 0.01, "activation": "relu"}, {"solver": "adam", "learning_rate": "adaptive", "hidden_layer_sizes": 100, "alpha": 0.001, "activation": "tanh"}, {"solver": "sgd", "learning_rate": "constant",