{"mean_fit_time": [8.713921594619752, 1.8231164455413817, 2.9246413230896, 6.666185283660889, 2.0191806316375733, 4.805079412460327, 2.1035544872283936, 2.9237635135650635, 4.924897861480713, 6.692704820632935, 3.4918734550476076, 5.133705711364746, 2.782997417449951, 1.8119475364685058, 2.226239776611328, 6.599192953109741, 3.221920967102051, 2.0682772636413573, 6.7135790348052975, 6.603045701980591, 5.962776136398316, 1.8146447658538818, 1.8998846530914306, 2.8803120136260985, 3.2650458812713623, 3.9852057456970216, 1.8305878639221191, 6.597880411148071, 2.910865306854248, 4.764168071746826, 3.332123327255249, 4.7810631275177, 1.8210466384887696, 2.106196737289429, 2.125819444656372, 3.2130197048187257, 8.817637252807618, 2.281697463989258, 2.2830101013183595, 3.221839714050293, 3.9429507732391356, 1.901252269744873, 2.1177606105804445, 1.8240246295928955, 1.895654058456421, 4.05283145904541, 2.9283680438995363, 6.6153346538543705, 3.200212097167969, 4.8864692687988285], "std_fit_time": [0.06598980151885103, 0.005945151272648013, 0.05047870724931351, 0.015104488744452253, 0.04882391294541881, 0.06634962475862853, 0.00635938329666401, 0.010034337771577093, 0.08353443226821487, 0.04074510178947014, 0.07363474739202637, 0.12852350341100577, 0.059667384661176916, 0.009921579752802804, 0.003812795983601181, 0.005696870774744801, 0.005711238350362655, 0.055628632871267285, 0.03740409852725719, 0.011557344882741991, 0.11057914227227056, 0.004965746419553414, 0.008978376259136098, 0.01639840643249638, 0.057745179979440626, 0.015800495812380952, 0.00951169675476486, 0.007445563927528188, 0.027079538300631936, 0.02693178784803872, 0.047080553000753964, 0.007559220396870081, 0.006601187466163849, 0.011869136727206114, 0.0029168996296001955, 0.014166619350445362, 0.05966371130084219, 0.004700577636587653, 0.0076554301519480466, 0.014648174102843987, 0.016641302327406134, 0.011761201899691197, 0.011914180235195197, 0.008621433587351648, 0.0017882383865901316, 0.06593077682209604, 0.01597703642331532, 0.017952099771032716, 0.005431530034078515, 0.015387832431119219], "mean_score_time": [0.007379484176635742, 0.006369304656982422, 0.006782913208007812, 0.006383085250854492, 0.006778049468994141, 0.006986379623413086, 0.006183719635009766, 0.006978464126586914, 0.006576824188232422, 0.006982135772705078, 0.007379865646362305, 0.0073855876922607425, 0.006979131698608398, 0.006182956695556641, 0.006586313247680664, 0.0069811344146728516, 0.006792688369750976, 0.006191825866699219, 0.007774066925048828, 0.006980705261230469, 0.00678253173828125, 0.00638275146484375, 0.0065805912017822266, 0.006977367401123047, 0.006576442718505859, 0.006985616683959961, 0.006002902984619141, 0.006979751586914063, 0.007175922393798828, 0.006982135772705078, 0.007177209854125977, 0.00756983757019043, 0.007574844360351563, 0.006962013244628906, 0.006381511688232422, 0.00658121109008789, 0.007374858856201172, 0.006181001663208008, 0.006381082534790039, 0.006772613525390625, 0.007376813888549804, 0.006394577026367187, 0.005982255935668946, 0.006980705261230469, 0.0064008235931396484, 0.007378005981445312, 0.006780099868774414, 0.007784652709960938, 0.00637521743774414, 0.006386518478393555], "std_score_time": [0.0004893398869446721, 0.00048483423488050606, 0.0003834566761998307, 0.0004884025071128872, 0.0007402469773188163, 0.0006305747477626296, 0.00041680067330125014, 0.0006312043587424614, 0.0004860275896236619, 1.6885691842675947e-06, 0.00048728578298718085, 0.0010143065078189392, 0.0006303748384607054, 0.00039945464144678104, 0.0004928421491550367, 0.0006302995278535773, 0.0007495932542457485, 0.00040507847309284394, 0.00039579363858728654, 0.0006312791183843788, 0.00039901225103200575, 0.000798568620464908, 0.000500164403298105, 0.0006300037858943669, 0.0004875712196237974, 0.0006316441446218904, 1.3793704781924854e-05, 0.0006308302113752076, 0.0007489696438189194, 0.0008904798333030607, 0.0009754132189384711, 0.0004815483861957833, 0.0018451477108792607, 0.0006414446772529386, 0.0004904767267629259, 0.0007964868794868059, 0.0011941456630012927, 0.00041566185273556424, 0.0004897496562585256, 0.0003947940301092445, 0.0007987524927756219, 0.0005064271347244958, 2.0986577895265992e-05, 0.0019954208120193107, 0.00048754133567851713, 0.001018749901406645, 0.0007452598130767871, 0.0011589214685258538, 0.0007993190518753352, 0.000495939987488261], "param_solver": ["adam", "sgd", "adam", "sgd", "adam", "adam", "sgd", "sgd", "adam", "sgd", "adam", "adam", "adam", "sgd", "adam", "sgd", "adam", "adam", "sgd", "sgd", "adam", "sgd", "adam", "sgd", "adam", "sgd", "sgd", "sgd", "sgd", "adam", "adam", "adam", "sgd", "sgd", "sgd", "adam", "adam", "adam", "adam", "adam", "sgd", "adam", "sgd", "sgd", "adam", "sgd", "sgd", "sgd", "adam", "adam"], "param_learning_rate": ["constant", "constant", "adaptive", "constant", "adaptive", "constant", "adaptive", "adaptive", "adaptive", "constant", "adaptive", "constant", "adaptive", "constant", "adaptive", "adaptive", "constant", "adaptive", "adaptive", "adaptive", "adaptive", "adaptive", "constant", "constant", "adaptive", "adaptive", "adaptive", "constant", "adaptive", "adaptive", "adaptive", "constant", "adaptive", "constant", "constant", "adaptive", "adaptive", "adaptive", "constant", "constant", "adaptive", "adaptive", "adaptive", "adaptive", "adaptive", "adaptive", "constant", "constant", "adaptive", "constant"], "param_hidden_layer_sizes": [200, 25, 150, 200, 50, 150, 50, 100, 150, 200, 150, 200, 100, 25, 50, 200, 100, 50, 200, 200, 200, 25, 25, 100, 100, 150, 25, 200, 100, 150, 100, 150, 25, 50, 50, 100, 200, 50, 50, 100, 150, 25, 50, 25, 25, 150, 100, 200, 100, 150], "param_alpha": [0.001, 0.1, 0.01, 0.001, 0.01, 0.001, 0.01, 0.001, 0.1, 0.1, 0.01, 0.01, 0.001, 0.01, 0.1, 0.001, 0.1, 0.001, 0.01, 0.1, 0.01, 0.001, 0.01, 0.01, 0.001, 0.1, 0.001, 0.001, 0.01, 0.1, 0.1, 0.1, 0.01, 0.001, 0.001, 0.01, 0.1, 0.001, 0.001, 0.01, 0.001, 0.1, 0.001, 0.1, 0.1, 0.001, 0.01, 0.01, 0.1, 0.1], "param_activation": ["logistic", "logistic", "relu", "tanh", "relu", "logistic", "logistic", "tanh", "tanh", "tanh", "tanh", "relu", "tanh", "relu", "logistic", "logistic", "logistic", "relu", "tanh", "logistic", "tanh", "relu", "relu", "logistic", "logistic", "relu", "tanh", "logistic", "relu", "relu", "tanh", "logistic", "relu", "relu", "tanh", "logistic", "tanh", "tanh", "tanh", "logistic", "logistic", "logistic", "relu", "tanh", "relu", "relu", "tanh", "logistic", "relu", "tanh"], "params": [{"solver": "adam", "learning_rate": "constant", "hidden_layer_sizes": 200, "alpha": 0.001, "activation": "logistic"}, {"solver": "sgd", "learning_rate": "constant", "hidden_layer_sizes": 25, "alpha": 0.1, "activation": "logistic"}, {"solver": "adam", "learning_rate": "adaptive", "hidden_layer_sizes": 150, "alpha": 0.01, "activation": "relu"}, {"solver": "sgd", "learning_rate": "constant", "hidden_layer_sizes": 200, "alpha": 0.001, "activation": "tanh"}, {"solver": "adam", "learning_rate": "adaptive", "hidden_layer_sizes": 50, "alpha": 0.01, "activation": "relu"}, {"solver": "adam", "learning_rate": "constant", "hidden_layer_sizes": 150, "alpha": 0.001, "activation": "logistic"}, {"solver": "sgd", "learning_rate": "adaptive", "hidden_layer_sizes": 50, "alpha": 0.01, "activation": "logistic"}, {"solver": "sgd", "learning_rate": "adaptive", "hidden_layer_sizes": 100, "alpha": 0.001, "activation": "tanh"}, {"solver": "adam", "learning_rate": "adaptive", "hidden_layer_sizes": 150, "alpha": 0.1, "activation": "tanh"}, {"solver": "sgd", "learning_rate": "constant", "hidden_layer_sizes": 200, "alpha": 0.1, "activation": "tanh"}, {"solver": "adam", "learning_rate": "adaptive", "hidden_layer_sizes": 150, "alpha": 0.01, "activation": "tanh"}, {"solver": "adam", "learning_rate": "constant", "hidden_layer_sizes": 200, "alpha": 0.01, "activation": "relu"}, {"solver": "adam", "learning_rate": "adaptive", "hidden_layer_sizes": 100, "alpha": 0.001, "activation": "tanh"}, {"solver": "sgd",