{"0": {"precision": 0.9032258064516129, "recall": 1.0, "f1-score": 0.9491525423728813, "support": 28}, "1": {"precision": 0.8787878787878788, "recall": 0.9666666666666667, "f1-score": 0.9206349206349207, "support": 30}, "2": {"precision": 0.8064516129032258, "recall": 0.8620689655172413, "f1-score": 0.8333333333333334, "support": 29}, "3": {"precision": 0.8648648648648649, "recall": 0.8888888888888888, "f1-score": 0.8767123287671232, "support": 36}, "4": {"precision": 0.8214285714285714, "recall": 0.92, "f1-score": 0.8679245283018867, "support": 25}, "5": {"precision": 0.8846153846153846, "recall": 0.8518518518518519, "f1-score": 0.8679245283018868, "support": 27}, "6": {"precision": 0.9411764705882353, "recall": 0.9411764705882353, "f1-score": 0.9411764705882353, "support": 34}, "7": {"precision": 0.9032258064516129, "recall": 0.7567567567567568, "f1-score": 0.823529411764706, "support": 37}, "8": {"precision": 0.9523809523809523, "recall": 0.8695652173913043, "f1-score": 0.909090909090909, "support": 23}, "9": {"precision": 0.8571428571428571, "recall": 0.7741935483870968, "f1-score": 0.8135593220338982, "support": 31}, "accuracy": 0.88, "macro avg": {"precision": 0.8813300205615195, "recall": 0.8831168366048041, "f1-score": 0.8803038295189781, "support": 300}, "weighted avg": {"precision": 0.8816402194628, "recall": 0.88, "f1-score": 0.8788524096896847, "support": 300}}