{"mean_fit_time": [8.729259872436524, 1.8151636600494385, 2.744907808303833, 6.675270128250122, 2.0170429229736326, 4.534911966323852, 2.1205788135528563, 2.945142126083374, 4.609269428253174, 6.6841864585876465, 3.288696050643921, 5.089260244369507, 2.824014949798584, 1.813448715209961, 2.2224788665771484, 6.614648103713989, 3.2125056743621827, 2.0671449184417723, 6.712181663513183, 6.601757001876831, 5.964891576766968, 1.8192322731018067, 1.8812673091888428, 2.8794166088104247, 3.214584159851074, 3.8962573051452636, 1.8212385177612305, 6.607122993469238, 2.8840749263763428, 4.46965537071228, 3.2960179805755616, 4.542457628250122, 1.8248998641967773, 2.1001184940338136, 2.119831943511963, 3.2159215450286864, 8.790790891647339, 2.277184343338013, 2.3131304740905763, 3.217763805389404, 3.8307172775268556, 1.878641700744629, 2.1330617904663085, 1.8317821502685547, 1.8801214694976807, 3.856029176712036, 2.9362242221832275, 6.632935380935669, 3.1866406440734862, 4.599641036987305], "std_fit_time": [0.060358289895721354, 0.010464617977761947, 0.040363238450136896, 0.011647307276479904, 0.045346712282488766, 0.08570266399980246, 0.03837758039989506, 0.025083961761677553, 0.005813840007839894, 0.0070241695514709985, 0.07361416649687257, 0.11484119900619809, 0.09567545632728584, 0.008104119382418123, 0.0015333669259845453, 0.011798421818008166, 0.014264738587652, 0.05895808324124012, 0.06952415491043094, 0.0023539679964679717, 0.12387534556684117, 0.008435048342186944, 0.005444776450708784, 0.02076790975820468, 0.015140208034095149, 0.07165554072540634, 0.007874218421371157, 0.010966534031745736, 0.012759287215060361, 0.01693460234108711, 0.004754356479216575, 0.07880865496190258, 0.009560293543265558, 0.005105562496894106, 0.003564461603214807, 0.0181858105428728, 0.012623924135172982, 0.007210411662669458, 0.04672131933307904, 0.016981083212605014, 0.008275093857577298, 0.008472572181663087, 0.0607448421837265, 0.009368556677617589, 0.00916784053926062, 0.009424408334614125, 0.012057688655732562, 0.036675048040408456, 0.0029805343612119765, 0.012814866636971588], "mean_score_time": [0.007185983657836914, 0.006207609176635742, 0.00659332275390625, 0.008577489852905273, 0.005990457534790039, 0.006968832015991211, 0.005986595153808593, 0.006977462768554687, 0.006981611251831055, 0.007180023193359375, 0.006773614883422851, 0.008577632904052734, 0.00837244987487793, 0.006593179702758789, 0.005962753295898437, 0.007977724075317383, 0.006381797790527344, 0.005988502502441406, 0.007176351547241211, 0.008775711059570312, 0.007385778427124024, 0.006594276428222657, 0.0063823223114013675, 0.006974601745605468, 0.00737452507019043, 0.006779193878173828, 0.006377077102661133, 0.008382844924926757, 0.007175922393798828, 0.007376909255981445, 0.006982660293579102, 0.007776403427124023, 0.006775474548339844, 0.008374404907226563, 0.00659475326538086, 0.006175899505615234, 0.006988906860351562, 0.006367635726928711, 0.006168746948242187, 0.007376337051391601, 0.007773828506469726, 0.006776189804077149, 0.007571983337402344, 0.0065915584564208984, 0.00619664192199707, 0.007375907897949219, 0.006778860092163086, 0.007777595520019531, 0.008174848556518555, 0.00718541145324707], "std_score_time": [0.00039553190726564945, 0.00040288836386037874, 0.000788024117284955, 0.0022384894800872683, 1.329289953824798e-05, 1.5737504558007122e-05, 3.0213796096982167e-05, 0.0008919806629324133, 0.0010847441687922654, 0.00039813539583353775, 0.0004005112124330292, 0.0017392931570258839, 0.002055203027053153, 0.0011914643194482083, 1.779733610158972e-05, 0.0010917624150111034, 0.0004887751925196673, 2.5668104807033104e-05, 0.0003958246303171948, 0.002630886888224095, 0.0007946948308129292, 0.0004992750237316024, 0.000799294986262894, 0.000630230976484675, 0.00048658041683582765, 0.0007555101742459402, 0.000496265133374284, 0.0007953331247084447, 0.00039959605377821826, 0.001492075334015034, 0.0006388436500019341, 0.0014669417327471132, 0.001598730046860943, 0.002568672026383928, 0.000498564925298008, 0.0003813056771871159, 1.3809849529041412e-05, 0.0004852379689060994, 0.0004074345303835809, 0.0010180493495483432, 0.0007453987243036265, 0.0007530106145897538, 0.0017464999409879875, 0.0013480643051127937, 0.0003938969504121888, 0.0013542802084265892, 0.0009736151381425329, 0.00039847018024806907, 0.0029165396921781855, 0.00039697861582662714], "param_solver": ["adam", "sgd", "adam", "sgd", "adam", "adam", "sgd", "sgd", "adam", "sgd", "adam", "adam", "adam", "sgd", "adam", "sgd", "adam", "adam", "sgd", "sgd", "adam", "sgd", "adam", "sgd", "adam", "sgd", "sgd", "sgd", "sgd", "adam", "adam", "adam", "sgd", "sgd", "sgd", "adam", "adam", "adam", "adam", "adam", "sgd", "adam", "sgd", "sgd", "adam", "sgd", "sgd", "sgd", "adam", "adam"], "param_learning_rate": ["constant", "constant", "adaptive", "constant", "adaptive", "constant", "adaptive", "adaptive", "adaptive", "constant", "adaptive", "constant", "adaptive", "constant", "adaptive", "adaptive", "constant", "adaptive", "adaptive", "adaptive", "adaptive", "adaptive", "constant", "constant", "adaptive", "adaptive", "adaptive", "constant", "adaptive", "adaptive", "adaptive", "constant", "adaptive", "constant", "constant", "adaptive", "adaptive", "adaptive", "constant", "constant", "adaptive", "adaptive", "adaptive", "adaptive", "adaptive", "adaptive", "constant", "constant", "adaptive", "constant"], "param_hidden_layer_sizes": [200, 25, 150, 200, 50, 150, 50, 100, 150, 200, 150, 200, 100, 25, 50, 200, 100, 50, 200, 200, 200, 25, 25, 100, 100, 150, 25, 200, 100, 150, 100, 150, 25, 50, 50, 100, 200, 50, 50, 100, 150, 25, 50, 25, 25, 150, 100, 200, 100, 150], "param_alpha": [0.001, 0.1, 0.01, 0.001, 0.01, 0.001, 0.01, 0.001, 0.1, 0.1, 0.01, 0.01, 0.001, 0.01, 0.1, 0.001, 0.1, 0.001, 0.01, 0.1, 0.01, 0.001, 0.01, 0.01, 0.001, 0.1, 0.001, 0.001, 0.01, 0.1, 0.1, 0.1, 0.01, 0.001, 0.001, 0.01, 0.1, 0.001, 0.001, 0.01, 0.001, 0.1, 0.001, 0.1, 0.1, 0.001, 0.01, 0.01, 0.1, 0.1], "param_activation": ["logistic", "logistic", "relu", "tanh", "relu", "logistic", "logistic", "tanh", "tanh", "tanh", "tanh", "relu", "tanh", "relu", "logistic", "logistic", "logistic", "relu", "tanh", "logistic", "tanh", "relu", "relu", "logistic", "logistic", "relu", "tanh", "logistic", "relu", "relu", "tanh", "logistic", "relu", "relu", "tanh", "logistic", "tanh", "tanh", "tanh", "logistic", "logistic", "logistic", "relu", "tanh", "relu", "relu", "tanh", "logistic", "relu", "tanh"], "params": [{"solver": "adam", "learning_rate": "constant", "hidden_layer_sizes": 200, "alpha": 0.001, "activation": "logistic"}, {"solver": "sgd", "learning_rate": "constant", "hidden_layer_sizes": 25, "alpha": 0.1, "activation": "logistic"}, {"solver": "adam", "learning_rate": "adaptive", "hidden_layer_sizes": 150, "alpha": 0.01, "activation": "relu"}, {"solver": "sgd", "learning_rate": "constant", "hidden_layer_sizes": 200, "alpha": 0.001, "activation": "tanh"}, {"solver": "adam", "learning_rate": "adaptive", "hidden_layer_sizes": 50, "alpha": 0.01, "activation": "relu"}, {"solver": "adam", "learning_rate": "constant", "hidden_layer_sizes": 150, "alpha": 0.001, "activation": "logistic"}, {"solver": "sgd", "learning_rate": "adaptive", "hidden_layer_sizes": 50, "alpha": 0.01, "activation": "logistic"}, {"solver": "sgd", "learning_rate": "adaptive", "hidden_layer_sizes": 100, "alpha": 0.001, "activation": "tanh"}, {"solver": "adam", "learning_rate": "adaptive", "hidden_layer_sizes": 150, "alpha": 0.1, "activation": "tanh"}, {"solver": "sgd", "learning_rate": "constant", "hidden_layer_sizes": 200, "alpha": 0.1, "activation": "tanh"}, {"solver": "adam", "learning_rate": "adaptive", "hidden_layer_sizes": 150, "alpha": 0.01, "activation": "tanh"}, {"solver": "adam", "learning_rate": "constant", "hidden_layer_sizes": 200, "alpha": 0.01, "activation": "relu"}, {"solver": "adam", "learning_rate": "adaptive", "hidden_layer_sizes": 100, "alpha": 0.001, "activation": "tanh"}, {"solver": "sgd",