{"mean_fit_time": [12.72890567779541, 3.795802879333496, 3.381846714019775, 5.190137624740601, 5.191887331008911, 3.7602790355682374, 3.7787450313568116, 5.562724590301514, 6.331811046600341, 7.609079885482788, 9.723178958892822, 16.790362930297853, 5.345523929595947, 3.481268882751465, 5.619135189056396, 3.4114652633666993, 3.93022198677063, 4.095178699493408, 8.587743186950684, 5.335286617279053], "std_fit_time": [0.0331313953149469, 0.00838260076382625, 0.015512885663681855, 0.007145276665135035, 0.02194812157985926, 0.021095102474269958, 0.0444173159359765, 0.12563557952459886, 0.2806785743949351, 0.04556443678612972, 0.18551926240897654, 0.06687890223619421, 0.062179514039053474, 0.0089133291018591, 0.022761144977324742, 0.011575735951534064, 0.05282229918203967, 0.013782492588172752, 0.10903156572095411, 0.14426795413852772], "mean_score_time": [0.015643978118896486, 0.015864992141723634, 0.012497615814208985, 0.015888118743896486, 0.01657114028930664, 0.015613079071044922, 0.012961959838867188, 0.014720773696899414, 0.015627002716064452, 0.020026779174804686, 0.016021871566772462, 0.018625593185424803, 0.009361028671264648, 0.009815406799316407, 0.017457246780395508, 0.016053390502929688, 0.016061162948608397, 0.016879987716674805, 0.015625762939453124, 0.015881109237670898], "std_score_time": [3.436193244900069e-05, 0.0004674609696690122, 0.006248808086309127, 0.0005157991776581285, 0.0013942556862996524, 1.9262686753301328e-05, 0.006543970941403584, 0.0017594246691173391, 1.08490670949139e-05, 0.0061271420277665785, 0.0007652891692007681, 0.006319481545076305, 0.0076432664213602775, 0.008054690084267069, 0.0026193799180598645, 0.0008654838143482077, 0.000860936291070107, 0.010196097725514556, 1.5756131308031752e-05, 0.0005268923598264981], "param_activation": ["relu", "tanh", "relu", "tanh", "tanh", "relu", "relu", "relu", "tanh", "logistic", "relu", "tanh", "relu", "tanh", "tanh", "relu", "relu", "tanh", "relu", "relu"], "param_alpha": [0.01, 0.1, 0.1, 0.001, 0.01, 0.1, 0.1, 0.1, 0.01, 0.1, 0.01, 0.1, 0.001, 0.001, 0.1, 0.001, 0.01, 0.01, 0.1, 0.01], "param_hidden_layer_sizes": [200, 50, 25, 100, 100, 50, 50, 100, 150, 150, 200, 200, 150, 25, 100, 25, 100, 50, 150, 150], "param_learning_rate": ["adaptive", "constant", "adaptive", "constant", "constant", "adaptive", "constant", "constant", "adaptive", "adaptive", "adaptive", "constant", "constant", "adaptive", "adaptive", "constant", "adaptive", "constant", "constant", "adaptive"], "param_solver": ["sgd", "sgd", "adam", "sgd", "sgd", "sgd", "sgd", "adam", "adam", "sgd", "adam", "adam", "adam", "adam", "adam", "adam", "adam", "adam", "adam", "adam"], "params": [{"activation": "relu", "alpha": 0.01, "hidden_layer_sizes": 200, "learning_rate": "adaptive", "solver": "sgd"}, {"activation": "tanh", "alpha": 0.1, "hidden_layer_sizes": 50, "learning_rate": "constant", "solver": "sgd"}, {"activation": "relu", "alpha": 0.1, "hidden_layer_sizes": 25, "learning_rate": "adaptive", "solver": "adam"}, {"activation": "tanh", "alpha": 0.001, "hidden_layer_sizes": 100, "learning_rate": "constant", "solver": "sgd"}, {"activation": "tanh", "alpha": 0.01, "hidden_layer_sizes": 100, "learning_rate": "constant", "solver": "sgd"}, {"activation": "relu", "alpha": 0.1, "hidden_layer_sizes": 50, "learning_rate": "adaptive", "solver": "sgd"}, {"activation": "relu", "alpha": 0.1, "hidden_layer_sizes": 50, "learning_rate": "constant", "solver": "sgd"}, {"activation": "relu", "alpha": 0.1, "hidden_layer_sizes": 100, "learning_rate": "constant", "solver": "adam"}, {"activation": "tanh", "alpha": 0.01, "hidden_layer_sizes": 150, "learning_rate": "adaptive", "solver": "adam"}, {"activation": "logistic", "alpha": 0.1, "hidden_layer_sizes": 150, "learning_rate": "adaptive", "solver": "sgd"}, {"activation": "relu", "alpha": 0.01, "hidden_layer_sizes": 200, "learning_rate": "adaptive", "solver": "adam"}, {"activation": "tanh", "alpha": 0.1, "hidden_layer_sizes": 200, "learning_rate": "constant", "solver": "adam"}, {"activation": "relu", "alpha": 0.001, "hidden_layer_sizes": 150, "learning_rate": "constant", "solver": "adam"}, {"activation": "tanh", "alpha": 0.001, "hidden_layer_sizes": 25, "learning_rate": "adaptive", "solver": "adam"}, {"activation": "tanh", "alpha": 0.1, "hidden_layer_sizes": 100, "learning_rate": "adaptive", "solver": "adam"}, {"activation": "relu", "alpha": 0.001, "hidden_layer_sizes": 25, "learning_rate": "constant", "solver": "adam"}, {"activation": "relu", "alpha": 0.01, "hidden_layer_sizes": 100, "learning_rate": "adaptive", "solver": "adam"}, {"activation": "tanh", "alpha": 0.01, "hidden_layer_sizes": 50, "learning_rate": "constant", "solver": "adam"}, {"activation": "relu", "alpha": 0.1, "hidden_layer_sizes": 150, "learning_rate": "constant", "solver": "adam"}, {"activation": "relu", "alpha": 0.01, "hidden_layer_sizes": 150, "learning_rate": "adaptive", "solver": "adam"}], "split0_test_score": [0.7785402678933855, 0.7345655503916374, 0.8313728509192906, 0.7622002106416808, 0.7622002106416808, 0.7515237778790411, 0.7515237778790411, 0.8537344877344877, 0.8400968316364509, 0.4347816510974406, 0.8338196491422298, 0.8239700227022142, 0.8411756366239127, 0.798721116974732, 0.841063035385616, 0.8384984051036684, 0.8541048581048581, 0.8037807440929038, 0.8568051536071559, 0.8411756366239127], "split1_test_score": [0.8352023566693205, 0.8283506787330317, 0.8670238284219234, 0.8130144098926619, 0.8130144098926619, 0.8267184591008121, 0.8267184591008121, 0.8751476866608712, 0.8675763535751985, 0.45239404926904936, 0.868469525741331, 0.8610489587139203, 0.8749018556593213, 0.8521882383865362, 0.8675658211618172, 0.8670238284219234, 0.8683762620070936, 0.866387954318989, 0.8675461133624026, 0.8749018556593213], "split2_test_score": [0.8198643629678111, 0.8565171916206399, 0.8817141140829297, 0.8152607729748571, 0.8152607729748571, 0.8496046546046546, 0.8496046546046546, 0.8666178958521756, 0.8664894770168603, 0.412809399063269, 0.8521878814221614, 0.8531742337794814, 0.8657788510888432, 0.8681045965528724, 0.8744220457252911, 0.8735501647425098, 0.8510977231647257, 0.8594615624027389, 0.8895198224883825, 0.8810848522771971], "split3_test_score": [0.8609582506634788, 0.8226332926332927, 0.8212009853945338, 0.8537090260694266, 0.8537090260694266, 0.8372593989564537, 0.8372593989564537, 0.8281867336524543, 0.8108480462892228, 0.4314972527472528, 0.8337886949422714, 0.8259821074646583, 0.8413612418047902, 0.8166084416140034, 0.8125992776302157, 0.8194072739553224, 0.8268143633859747, 0.8228730040005712, 0.8658075959285636, 0.8413612418047902], "split4_test_score": [0.8958272693227322, 0.8641231711969699, 0.9397054296466061, 0.8929729396922269, 0.8929729396922269, 0.8496820619841214, 0.8496820619841214, 0.9171314566966741, 0.9159211159211159, 0.4842940383415213, 0.9328601137424668, 0.908329984416941, 0.9159211159211159, 0.947485032267641, 0.9002338340794113, 0.9397054296466061, 0.9331122581122582, 0.9159211159211159, 0.9230953583453584, 0.9159211159211159], "mean_test_score": [0.8380785015033455, 0.8212379769151144, 0.8682034416930566, 0.8274314718541707, 0.8274314718541707, 0.8229576705050166, 0.8229576705050166, 0.8681636521193326, 0.8601863648877697, 0.4431552781037066, 0.864225172998092, 0.854501061415443, 0.8678277402195966, 0.8566214851591571, 0.8591768027964702, 0.867637020374006, 0.8667010929549821, 0.8536848761472637, 0.8805548087463727, 0.8708889404572675], "std_test_score": [0.03935284340268222, 0.04614847739937381, 0.042100326250623314, 0.04381161692539474, 0.04381161692539474, 0.03673074691534361, 0.03673074691534361, 0.029173161573582913, 0.0347521586565464, 0.024102497985638863, 0.03667299029822549, 0.030619155577722306, 0.02748826661216809, 0.05169370562651019, 0.029953454890175504, 0.04099844932496626, 0.03579477762417933, 0.03875017858436965, 0.023836201007277097, 0.027938225948224604], "rank_test_score": [14, 19, 3, 15, 15, 17, 17, 4, 9, 20, 8, 12, 5, 11, 10, 6, 7, 13, 1, 2]}