{"0": {"precision": 0.875, "recall": 1.0, "f1-score": 0.9333333333333333, "support": 28}, "1": {"precision": 0.8787878787878788, "recall": 0.9666666666666667, "f1-score": 0.9206349206349207, "support": 30}, "2": {"precision": 0.7878787878787878, "recall": 0.896551724137931, "f1-score": 0.8387096774193549, "support": 29}, "3": {"precision": 0.8648648648648649, "recall": 0.8888888888888888, "f1-score": 0.8767123287671232, "support": 36}, "4": {"precision": 0.8148148148148148, "recall": 0.88, "f1-score": 0.8461538461538461, "support": 25}, "5": {"precision": 0.9166666666666666, "recall": 0.8148148148148148, "f1-score": 0.8627450980392156, "support": 27}, "6": {"precision": 0.9117647058823529, "recall": 0.9117647058823529, "f1-score": 0.9117647058823528, "support": 34}, "7": {"precision": 0.96875, "recall": 0.8378378378378378, "f1-score": 0.8985507246376812, "support": 37}, "8": {"precision": 0.9545454545454546, "recall": 0.9130434782608695, "f1-score": 0.9333333333333332, "support": 23}, "9": {"precision": 0.9230769230769231, "recall": 0.7741935483870968, "f1-score": 0.8421052631578947, "support": 31}, "accuracy": 0.8866666666666667, "macro avg": {"precision": 0.8896150096517743, "recall": 0.8883761664876457, "f1-score": 0.8864043231359056, "support": 300}, "weighted avg": {"precision": 0.8912710226251893, "recall": 0.8866666666666667, "f1-score": 0.8863429195673975, "support": 300}}