{"mean_fit_time": [4.974135875701904, 5.088346529006958, 2.1967054843902587, 2.1473972320556642, 4.9021594524383545, 1.8877439498901367, 3.9510496139526365, 1.862076997756958, 2.3107285022735597, 6.694675493240356, 1.9077593803405761, 3.400887870788574, 2.921642208099365, 2.291656160354614, 2.2250563144683837, 1.8478901386260986, 1.848783540725708, 3.9340973854064942, 6.647034072875977, 2.8913511753082277, 5.0609002113342285, 2.9411803245544434, 5.064560031890869, 5.868371534347534, 2.1110326290130614, 6.651985216140747, 2.773856544494629, 2.839955759048462, 2.2704798221588134, 2.315043258666992, 5.844244050979614, 5.155732822418213, 2.8815799713134767, 6.053085803985596, 8.923819971084594, 6.803330039978027, 6.807434320449829, 3.369841718673706, 8.803425550460815, 3.449629306793213, 8.802740430831909], "std_fit_time": [0.18111662150738878, 0.1095400243709137, 0.02086072238743121, 0.01279023166183702, 0.1397367620428332, 0.022186723290157393, 0.08032851937560283, 0.012253860281481276, 0.03193366818408997, 0.059855076516731276, 0.014702890896965522, 0.08060900331751403, 0.01863742703436413, 0.014810870932984764, 0.022069542247865327, 0.02251037778470143, 0.023453928556014095, 0.0542251582806882, 0.014626223552058153, 0.01925511712197006, 0.10289425458837621, 0.015579500395415117, 0.12750009389898542, 0.13840080118883677, 0.007465369554883313, 0.02415122625355565, 0.07600365995029995, 0.07013950898233492, 0.01869932849993187, 0.040064211425741354, 0.14895402462372095, 0.1709126559327051, 0.03506708457234202, 0.13398932226374538, 0.07783576800665047, 0.02101397279552114, 0.01712664525292675, 0.028611706019527408, 0.06155291208884832, 0.06913726310462044, 0.04202641011628089], "mean_score_time": [0.009374380111694336, 0.009378194808959961, 0.0031230926513671877, 0.009369897842407226, 0.009358549118041992, 0.00935955047607422, 0.009369134902954102, 0.0031244754791259766, 0.01562676429748535, 0.00937347412109375, 0.006247663497924804, 0.006247711181640625, 0.012500429153442382, 0.003115272521972656, 0.009362936019897461, 0.009365463256835937, 0.006253767013549805, 0.009358501434326172, 0.0031284809112548826, 0.009363937377929687, 0.0031289100646972657, 0.006237125396728516, 0.009368467330932616, 0.0031297683715820314, 0.0, 0.009370803833007812, 0.006240749359130859, 0.00625457763671875, 0.009378290176391602, 0.0, 0.009381341934204101, 0.009308624267578124, 0.008168601989746093, 0.007797813415527344, 0.007778167724609375, 0.007704973220825195, 0.00778508186340332, 0.007379722595214844, 0.007726287841796875, 0.00818014144897461, 0.007792472839355469], "std_score_time": [0.007654165363081796, 0.007657275275002114, 0.006246185302734375, 0.0076504902449423115, 0.007641236927622762, 0.007642051411982936, 0.007649905687699858, 0.006248950958251953, 1.561712671079214e-05, 0.007653416826670189, 0.007651793890036949, 0.007651852281136977, 0.006250225672847869, 0.006230545043945312, 0.007644815159783961, 0.0076468788678685845, 0.00765927645408145, 0.007641195895290621, 0.006256961822509764, 0.007645648899025391, 0.006257820129394531, 0.007638889605519233, 0.0076493332473346306, 0.006259536743164063, 0.0, 0.007651245679749523, 0.007643332250348101, 0.007660268949144041, 0.007657351765280189, 0.0, 0.007659837801198134, 0.003242331288332409, 0.0019362940732955524, 0.0007433548357224568, 0.0007466833697473437, 0.0007391033633837652, 0.0007389729148544067, 0.001020652916322365, 0.00038198283376893085, 0.0011715092959937766, 0.0007414033517112207], "param_hidden_layer_sizes": [150, 200, 50, 50, 150, 25, 150, 25, 100, 200, 25, 150, 100, 50, 50, 25, 25, 150, 200, 100, 200, 100, 200, 200, 50, 200, 100, 150, 50, 50, 200, 200, 150, 200, 200, 200, 200, 100, 200, 150, 200], "param_activation": ["tanh", "relu", "relu", "tanh", "tanh", "tanh", "relu", "logistic", "relu", "tanh", "logistic", "tanh", "tanh", "tanh", "logistic", "relu", "relu", "tanh", "relu", "logistic", "relu", "tanh", "relu", "tanh", "relu", "relu", "tanh", "relu", "tanh", "tanh", "tanh", "relu", "relu", "tanh", "tanh", "tanh", "tanh", "tanh", "relu", "tanh", "logistic"], "param_solver": ["adam", "adam", "adam", "sgd", "adam", "sgd", "sgd", "sgd", "adam", "sgd", "adam", "adam", "sgd", "adam", "adam", "sgd", "sgd", "sgd", "sgd", "sgd", "adam", "sgd", "adam", "adam", "sgd", "sgd", "adam", "adam", "adam", "adam", "adam", "adam", "adam", "adam", "adam", "sgd", "sgd", "adam", "adam", "adam", "adam"], "param_alpha": [0.1, 0.001, 0.1, 0.1, 0.1, 0.001, 0.01, 0.001, 0.001, 0.1, 0.01, 0.001, 0.001, 0.001, 0.01, 0.001, 0.01, 0.001, 0.1, 0.01, 0.01, 0.01, 0.001, 0.001, 0.1, 0.001, 0.001, 0.001, 0.001, 0.01, 0.001, 0.01, 0.01, 0.01, 0.1, 0.01, 0.001, 0.1, 0.1, 0.01, 0.001], "param_learning_rate": ["adaptive", "adaptive", "adaptive", "constant", "constant", "constant", "adaptive", "constant", "constant", "adaptive", "constant", "adaptive", "adaptive", "adaptive", "constant", "constant", "adaptive", "constant", "constant", "adaptive", "constant", "adaptive", "constant", "adaptive", "adaptive", "adaptive", "adaptive", "adaptive", "constant", "adaptive", "constant", "adaptive", "adaptive", "adaptive", "adaptive", "adaptive", "adaptive", "adaptive", "adaptive", "adaptive", "adaptive"], "params": [{"hidden_layer_sizes": 150, "activation": "tanh", "solver": "adam", "alpha": 0.1, "learning_rate": "adaptive"}, {"hidden_layer_sizes": 200, "activation": "relu", "solver": "adam", "alpha": 0.001, "learning_rate": "adaptive"}, {"hidden_layer_sizes": 50, "activation": "relu", "solver": "adam", "alpha": 0.1, "learning_rate": "adaptive"}, {"hidden_layer_sizes": 50, "activation": "tanh", "solver": "sgd", "alpha": 0.1, "learning_rate": "constant"}, {"hidden_layer_sizes": 150, "activation": "tanh", "solver": "adam", "alpha": 0.1, "learning_rate": "constant"}, {"hidden_layer_sizes": 25, "activation": "tanh", "solver": "sgd", "alpha": 0.001, "learning_rate": "constant"}, {"hidden_layer_sizes": 150, "activation": "relu", "solver": "sgd", "alpha": 0.01, "learning_rate": "adaptive"}, {"hidden_layer_sizes": 25, "activation": "logistic", "solver": "sgd", "alpha": 0.001, "learning_rate": "constant"}, {"hidden_layer_sizes": 100, "activation": "relu", "solver": "adam", "alpha": 0.001, "learning_rate": "constant"}, {"hidden_layer_sizes": 200, "activation": "tanh", "solver": "sgd", "alpha": 0.1, "learning_rate": "adaptive"}, {"hidden_layer_sizes": 25, "activation": "logistic", "solver": "adam", "alpha": 0.01, "learning_rate": "constant"}, {"hidden_layer_sizes": 150, "activation": "tanh", "solver": "adam", "alpha": 0.001, "learning_rate": "adaptive"}, {"hidden_layer_sizes": 100, "activation": "tanh", "solver": "sgd", "alpha": 0.001, "learning_rate": "adaptive"}, {"hidden_layer_sizes": 50, "activation": "tanh", "solver": "adam", "alpha": 0.001, "learning_rate": "adaptive"}, {"hidden_layer_sizes": 50, "activation": "logistic", "solver": "adam", "alpha": 0.01, "learning_rate": "constant"}, {"hidden_layer_sizes": 25, "activation": "relu", "solver": "sgd", "alpha": 0.001, "learning_rate": "constant"}, {"hidden_layer_sizes": 25, "activation": "relu", "solver": "sgd", "alpha": 0.01, "learning_rate": "adaptive"}, {"hidden_layer_sizes": 150, "activation": "tanh", "solver": "sgd", "alpha": 0.001, "learning_rate": "constant"}, {"hidden_layer_sizes": 200, "activation": "relu", "solver": "sgd", "alpha": 0.1, "learning_rate": "constant"}, {"hidden_layer_sizes": 100, "activation": "logistic", "solver": "sgd", "alpha": 0.01, "learning_rate": "adaptive"}, {"hidden_layer_sizes": 200, "activation": "relu", "solver": "adam", "alpha": 0.01, "learning_rate": "constant"}, {"hidden_layer_sizes": 100, "activation": "tanh", "solver": "sgd", "alpha": 0.01, "learning_rate": "adaptive"}, {"hidden_layer_sizes": 200, "activation": "relu", "solver": "adam", "alpha": 0.001, "learning_rate": "constant"}, {"hidden_layer_sizes": 200, "activation": "tanh", "solver": "adam", "alpha": 0.001, "learning_rate": "adaptive"}, {"hidden_layer_sizes": 50, "activation": "relu", "solver": "sgd",