{"mean_fit_time": [4.786029100418091, 5.12163143157959, 2.1957615852355956, 2.196827697753906, 4.721575736999512, 1.8602375507354736, 3.9178134918212892, 1.8505785942077637, 2.3063464641571043, 6.682989931106567, 1.915996503829956, 3.3816200733184814, 2.9255303382873534, 2.276905584335327, 2.225056219100952, 1.8252878189086914, 1.8118984699249268, 3.8988075256347656, 6.688075351715088, 2.861366844177246, 5.090930080413818, 2.915652132034302, 5.083101844787597, 5.8847099304199215, 2.1328178882598876, 6.64816312789917, 2.7641621589660645, 2.782096433639526, 2.2654287338256838, 2.273822784423828, 5.942744970321655, 5.104950666427612, 2.801154947280884, 5.952967262268066, 8.786947298049927, 6.713762664794922, 6.673778390884399, 3.259531545639038, 8.689526557922363, 3.3154744148254394, 8.716997861862183], "std_fit_time": [0.016731592964014757, 0.100409270167218, 0.026450931874272318, 0.05993582204571578, 0.012153837557175418, 0.01444156916897839, 0.018005683592634346, 0.007496760700339171, 0.033456179604571534, 0.014828968311824587, 0.053278073846318656, 0.06758095858709988, 0.029214139770529394, 0.00715390438652015, 0.010305266004297108, 0.004593583036030081, 0.013157577170469878, 0.013363785464748252, 0.047358730612908226, 0.012051599367013019, 0.10732395798616293, 0.01592312451814382, 0.11983256859746637, 0.15499833066100402, 0.04678458672828424, 0.009387500873819612, 0.058022822598745326, 0.04697355918953718, 0.013806427546251533, 0.006527864377357541, 0.17860915048374493, 0.09015472460597379, 0.05025925889697463, 0.13145816576487449, 0.017741119408610312, 0.049538802273272745, 0.00672094059282173, 0.011188645077697158, 0.048506423261324774, 0.07665863520772002, 0.08883474489967941], "mean_score_time": [0.007178306579589844, 0.007779550552368164, 0.006564474105834961, 0.006187582015991211, 0.008177089691162109, 0.006215906143188477, 0.006784486770629883, 0.006396102905273438, 0.006983613967895508, 0.007178020477294922, 0.006382608413696289, 0.0067844390869140625, 0.006783771514892578, 0.006386804580688477, 0.006385326385498047, 0.006587362289428711, 0.006190013885498047, 0.00857558250427246, 0.007188034057617187, 0.006771564483642578, 0.006980037689208985, 0.006580781936645508, 0.006976795196533203, 0.006787586212158203, 0.007186126708984375, 0.008171272277832032, 0.006385898590087891, 0.006577110290527344, 0.006180429458618164, 0.0071770668029785155, 0.007385110855102539, 0.006580257415771484, 0.006580734252929687, 0.006980514526367188, 0.007117319107055664, 0.007578659057617188, 0.007578897476196289, 0.006973457336425781, 0.00757746696472168, 0.008178138732910156, 0.007779264450073242], "std_score_time": [0.0004002052254867051, 0.0007464687100488024, 0.0008075076510729999, 0.0003972544244813648, 0.0020333262703356777, 0.0003988315875226257, 0.0007452264198816982, 0.0004906306889337619, 0.0006300715283731445, 0.0004003394096589678, 0.0004892796222724671, 0.0007393997405412775, 0.00040015336206094225, 0.000795310139235938, 0.0004967104212186511, 0.0004673205244836698, 0.00039650302563094234, 0.0027201907845767273, 0.0003943534225006013, 0.0007325783670403222, 0.0008928718248393274, 0.0004887747971074097, 0.0006304480699205006, 0.0004018932648904941, 0.001157001697534568, 0.0019360667372466263, 0.0004963302350265968, 0.0004880290898381091, 0.0003998783986228285, 0.0023946788927212844, 0.0007952635830420432, 0.0004863380110345182, 0.00048532701938963397, 0.0006320339127280579, 0.00027380193080431844, 0.0013526286320548835, 0.0007972366123359977, 6.324881378925794e-06, 0.0011978003951270677, 0.0017128626887543995, 0.0007460094039188131], "param_hidden_layer_sizes": [150, 200, 50, 50, 150, 25, 150, 25, 100, 200, 25, 150, 100, 50, 50, 25, 25, 150, 200, 100, 200, 100, 200, 200, 50, 200, 100, 150, 50, 50, 200, 200, 150, 200, 200, 200, 200, 100, 200, 150, 200], "param_activation": ["tanh", "relu", "relu", "tanh", "tanh", "tanh", "relu", "logistic", "relu", "tanh", "logistic", "tanh", "tanh", "tanh", "logistic", "relu", "relu", "tanh", "relu", "logistic", "relu", "tanh", "relu", "tanh", "relu", "relu", "tanh", "relu", "tanh", "tanh", "tanh", "relu", "relu", "tanh", "tanh", "tanh", "tanh", "tanh", "relu", "tanh", "logistic"], "param_solver": ["adam", "adam", "adam", "sgd", "adam", "sgd", "sgd", "sgd", "adam", "sgd", "adam", "adam", "sgd", "adam", "adam", "sgd", "sgd", "sgd", "sgd", "sgd", "adam", "sgd", "adam", "adam", "sgd", "sgd", "adam", "adam", "adam", "adam", "adam", "adam", "adam", "adam", "adam", "sgd", "sgd", "adam", "adam", "adam", "adam"], "param_alpha": [0.1, 0.001, 0.1, 0.1, 0.1, 0.001, 0.01, 0.001, 0.001, 0.1, 0.01, 0.001, 0.001, 0.001, 0.01, 0.001, 0.01, 0.001, 0.1, 0.01, 0.01, 0.01, 0.001, 0.001, 0.1, 0.001, 0.001, 0.001, 0.001, 0.01, 0.001, 0.01, 0.01, 0.01, 0.1, 0.01, 0.001, 0.1, 0.1, 0.01, 0.001], "param_learning_rate": ["adaptive", "adaptive", "adaptive", "constant", "constant", "constant", "adaptive", "constant", "constant", "adaptive", "constant", "adaptive", "adaptive", "adaptive", "constant", "constant", "adaptive", "constant", "constant", "adaptive", "constant", "adaptive", "constant", "adaptive", "adaptive", "adaptive", "adaptive", "adaptive", "constant", "adaptive", "constant", "adaptive", "adaptive", "adaptive", "adaptive", "adaptive", "adaptive", "adaptive", "adaptive", "adaptive", "adaptive"], "params": [{"hidden_layer_sizes": 150, "activation": "tanh", "solver": "adam", "alpha": 0.1, "learning_rate": "adaptive"}, {"hidden_layer_sizes": 200, "activation": "relu", "solver": "adam", "alpha": 0.001, "learning_rate": "adaptive"}, {"hidden_layer_sizes": 50, "activation": "relu", "solver": "adam", "alpha": 0.1, "learning_rate": "adaptive"}, {"hidden_layer_sizes": 50, "activation": "tanh", "solver": "sgd", "alpha": 0.1, "learning_rate": "constant"}, {"hidden_layer_sizes": 150, "activation": "tanh", "solver": "adam", "alpha": 0.1, "learning_rate": "constant"}, {"hidden_layer_sizes": 25, "activation": "tanh", "solver": "sgd", "alpha": 0.001, "learning_rate": "constant"}, {"hidden_layer_sizes": 150, "activation": "relu", "solver": "sgd", "alpha": 0.01, "learning_rate": "adaptive"}, {"hidden_layer_sizes": 25, "activation": "logistic", "solver": "sgd", "alpha": 0.001, "learning_rate": "constant"}, {"hidden_layer_sizes": 100, "activation": "relu", "solver": "adam", "alpha": 0.001, "learning_rate": "constant"}, {"hidden_layer_sizes": 200, "activation": "tanh", "solver": "sgd", "alpha": 0.1, "learning_rate": "adaptive"}, {"hidden_layer_sizes": 25, "activation": "logistic", "solver": "adam", "alpha": 0.01, "learning_rate": "constant"}, {"hidden_layer_sizes": 150, "activation": "tanh", "solver": "adam", "alpha": 0.001, "learning_rate": "adaptive"}, {"hidden_layer_sizes": 100, "activation": "tanh", "solver": "sgd", "alpha": 0.001, "learning_rate": "adaptive"}, {"hidden_layer_sizes": 50, "activation": "tanh", "solver": "adam", "alpha": 0.001, "learning_rate": "adaptive"}, {"hidden_layer_sizes": 50, "activation": "logistic", "solver": "adam", "alpha": 0.01, "learning_rate": "constant"}, {"hidden_layer_sizes": 25, "activation": "relu", "solver": "sgd", "alpha": 0.001, "learning_rate": "constant"}, {"hidden_layer_sizes": 25, "activation": "relu", "solver": "sgd", "alpha": 0.01, "learning_rate": "adaptive"}, {"hidden_layer_sizes": 150, "activation": "tanh", "solver": "sgd", "alpha": 0.001, "learning_rate": "constant"}, {"hidden_layer_sizes": 200, "activation": "relu", "solver": "sgd", "alpha": 0.1, "learning_rate": "constant"}, {"hidden_layer_sizes": 100, "activation": "logistic", "solver": "sgd", "alpha": 0.01, "learning_rate": "adaptive"}, {"hidden_layer_sizes": 200, "activation": "relu", "solver": "adam", "alpha": 0.01, "learning_rate": "constant"}, {"hidden_layer_sizes": 100, "activation": "tanh", "solver": "sgd", "alpha": 0.01, "learning_rate": "adaptive"}, {"hidden_layer_sizes": 200, "activation": "relu", "solver": "adam", "alpha": 0.001, "learning_rate": "constant"}, {"hidden_layer_sizes": 200, "activation": "tanh", "solver": "adam",