{"0": {"precision": 0.9032258064516129, "recall": 1.0, "f1-score": 0.9491525423728813, "support": 28}, "1": {"precision": 0.8787878787878788, "recall": 0.9666666666666667, "f1-score": 0.9206349206349207, "support": 30}, "2": {"precision": 0.8125, "recall": 0.896551724137931, "f1-score": 0.8524590163934426, "support": 29}, "3": {"precision": 0.8857142857142857, "recall": 0.8611111111111112, "f1-score": 0.8732394366197184, "support": 36}, "4": {"precision": 0.8518518518518519, "recall": 0.92, "f1-score": 0.8846153846153846, "support": 25}, "5": {"precision": 0.8518518518518519, "recall": 0.8518518518518519, "f1-score": 0.8518518518518519, "support": 27}, "6": {"precision": 0.9393939393939394, "recall": 0.9117647058823529, "f1-score": 0.9253731343283583, "support": 34}, "7": {"precision": 0.9375, "recall": 0.8108108108108109, "f1-score": 0.8695652173913043, "support": 37}, "8": {"precision": 0.9130434782608695, "recall": 0.9130434782608695, "f1-score": 0.9130434782608695, "support": 23}, "9": {"precision": 0.8888888888888888, "recall": 0.7741935483870968, "f1-score": 0.8275862068965517, "support": 31}, "accuracy": 0.8866666666666667, "macro avg": {"precision": 0.8862757981201179, "recall": 0.890599389710869, "f1-score": 0.8867521189365283, "support": 300}, "weighted avg": {"precision": 0.8886030634041386, "recall": 0.8866666666666667, "f1-score": 0.8858680221300937, "support": 300}}