{"mean_fit_time": [4.849874067306518, 5.152741289138794, 2.2594380378723145, 2.196556043624878, 4.927603530883789, 1.9136813640594483, 4.025827026367187, 1.900209665298462, 2.3676584243774412, 6.7881999015808105, 1.9634201526641846, 3.48701810836792, 3.0056631565093994, 2.333275079727173, 2.2913973331451416, 1.8774717807769776, 1.8761338233947753, 4.0182102680206295, 6.8087245464324955, 2.9747801780700684, 5.154947519302368, 3.0152198314666747, 5.155154752731323, 5.966743230819702, 2.1927632331848144, 6.79183292388916, 2.833727979660034, 2.8506993293762206, 2.347331142425537, 2.3383336544036863, 5.969460535049438, 5.194402503967285, 2.842066240310669, 6.027616357803344, 8.90410099029541, 6.864759492874145, 6.8022167682647705, 3.356395435333252, 8.803901147842407, 3.420213460922241, 8.78754382133484], "std_fit_time": [0.059176226624862646, 0.09797331822687119, 0.02601525880945162, 0.02056590913821664, 0.06455752263572155, 0.016899320908797602, 0.013648056911123675, 0.0088434057573413, 0.029509705002199026, 0.02825898440004625, 0.012847939998098166, 0.09021241427888026, 0.014484390555972573, 0.0122252986085393, 0.014969897585197836, 0.008012189466843197, 0.012624871636111349, 0.020665914957737203, 0.04653519104827976, 0.0161160998555772, 0.10947620522785578, 0.010760229999073806, 0.11338698175876001, 0.16669535219157577, 0.058955843363130166, 0.019622522198891292, 0.04638856536577089, 0.040940466012750844, 0.007992528606794036, 0.015910028552967567, 0.15162551721553477, 0.061082685750197846, 0.0569399667677176, 0.12655680341456238, 0.012857664894373757, 0.07532765787560913, 0.02065560675881078, 0.014824832344903654, 0.054725135523566844, 0.06995939471844943, 0.020798615658046315], "mean_score_time": [0.0071790218353271484, 0.007386064529418946, 0.00657343864440918, 0.006782102584838867, 0.007579231262207031, 0.006685400009155273, 0.007869243621826172, 0.006590652465820313, 0.0063781261444091795, 0.009429407119750977, 0.006800317764282226, 0.010967540740966796, 0.00817422866821289, 0.006171703338623047, 0.006186723709106445, 0.007760524749755859, 0.007586908340454101, 0.006782054901123047, 0.008506155014038086, 0.006971549987792969, 0.007588434219360352, 0.0067822933197021484, 0.007405614852905274, 0.007401561737060547, 0.0077704906463623045, 0.007580375671386719, 0.008166074752807617, 0.007982254028320312, 0.007254362106323242, 0.006595087051391601, 0.007386064529418946, 0.009575700759887696, 0.007176828384399414, 0.0069884777069091795, 0.007781267166137695, 0.00917348861694336, 0.007796955108642578, 0.007154941558837891, 0.008483219146728515, 0.006984281539916992, 0.007177209854125977], "std_score_time": [0.0003980467403857532, 0.0007940949256595039, 0.0007941646355106058, 0.0007470672965914103, 0.0007959229037107576, 0.00042292828677183375, 0.0021534030103714957, 0.0008093030839607273, 0.0004898290391578939, 0.002810571648429852, 0.00040963538601204193, 0.0021836812424010565, 0.0014689319173305248, 0.0003869667656126109, 0.00039622588481109033, 0.0021372784019699853, 0.002235404269264773, 0.000399722695071761, 0.00225700065623827, 0.001098235038846319, 0.001351836828533437, 0.0003866341408879798, 0.0007851901379333569, 0.00047511231313073675, 0.0021331910208812824, 0.00048850072737427, 0.0023820416536689277, 0.002089146452858379, 0.0006331245658005067, 0.000499520287048125, 0.0004963127807416287, 0.0023302287118529383, 0.00040059450933686565, 0.0006302924284683873, 0.0007475461613820323, 0.003908441563148714, 0.0007420025373664527, 0.00041661058121736854, 0.0017819325260866664, 0.000627576675223608, 0.0003531799794149832], "param_hidden_layer_sizes": [150, 200, 50, 50, 150, 25, 150, 25, 100, 200, 25, 150, 100, 50, 50, 25, 25, 150, 200, 100, 200, 100, 200, 200, 50, 200, 100, 150, 50, 50, 200, 200, 150, 200, 200, 200, 200, 100, 200, 150, 200], "param_activation": ["tanh", "relu", "relu", "tanh", "tanh", "tanh", "relu", "logistic", "relu", "tanh", "logistic", "tanh", "tanh", "tanh", "logistic", "relu", "relu", "tanh", "relu", "logistic", "relu", "tanh", "relu", "tanh", "relu", "relu", "tanh", "relu", "tanh", "tanh", "tanh", "relu", "relu", "tanh", "tanh", "tanh", "tanh", "tanh", "relu", "tanh", "logistic"], "param_solver": ["adam", "adam", "adam", "sgd", "adam", "sgd", "sgd", "sgd", "adam", "sgd", "adam", "adam", "sgd", "adam", "adam", "sgd", "sgd", "sgd", "sgd", "sgd", "adam", "sgd", "adam", "adam", "sgd", "sgd", "adam", "adam", "adam", "adam", "adam", "adam", "adam", "adam", "adam", "sgd", "sgd", "adam", "adam", "adam", "adam"], "param_alpha": [0.1, 0.001, 0.1, 0.1, 0.1, 0.001, 0.01, 0.001, 0.001, 0.1, 0.01, 0.001, 0.001, 0.001, 0.01, 0.001, 0.01, 0.001, 0.1, 0.01, 0.01, 0.01, 0.001, 0.001, 0.1, 0.001, 0.001, 0.001, 0.001, 0.01, 0.001, 0.01, 0.01, 0.01, 0.1, 0.01, 0.001, 0.1, 0.1, 0.01, 0.001], "param_learning_rate": ["adaptive", "adaptive", "adaptive", "constant", "constant", "constant", "adaptive", "constant", "constant", "adaptive", "constant", "adaptive", "adaptive", "adaptive", "constant", "constant", "adaptive", "constant", "constant", "adaptive", "constant", "adaptive", "constant", "adaptive", "adaptive", "adaptive", "adaptive", "adaptive", "constant", "adaptive", "constant", "adaptive", "adaptive", "adaptive", "adaptive", "adaptive", "adaptive", "adaptive", "adaptive", "adaptive", "adaptive"], "params": [{"hidden_layer_sizes": 150, "activation": "tanh", "solver": "adam", "alpha": 0.1, "learning_rate": "adaptive"}, {"hidden_layer_sizes": 200, "activation": "relu", "solver": "adam", "alpha": 0.001, "learning_rate": "adaptive"}, {"hidden_layer_sizes": 50, "activation": "relu", "solver": "adam", "alpha": 0.1, "learning_rate": "adaptive"}, {"hidden_layer_sizes": 50, "activation": "tanh", "solver": "sgd", "alpha": 0.1, "learning_rate": "constant"}, {"hidden_layer_sizes": 150, "activation": "tanh", "solver": "adam", "alpha": 0.1, "learning_rate": "constant"}, {"hidden_layer_sizes": 25, "activation": "tanh", "solver": "sgd", "alpha": 0.001, "learning_rate": "constant"}, {"hidden_layer_sizes": 150, "activation": "relu", "solver": "sgd", "alpha": 0.01, "learning_rate": "adaptive"}, {"hidden_layer_sizes": 25, "activation": "logistic", "solver": "sgd", "alpha": 0.001, "learning_rate": "constant"}, {"hidden_layer_sizes": 100, "activation": "relu", "solver": "adam", "alpha": 0.001, "learning_rate": "constant"}, {"hidden_layer_sizes": 200, "activation": "tanh", "solver": "sgd", "alpha": 0.1, "learning_rate": "adaptive"}, {"hidden_layer_sizes": 25, "activation": "logistic", "solver": "adam", "alpha": 0.01, "learning_rate": "constant"}, {"hidden_layer_sizes": 150, "activation": "tanh", "solver": "adam", "alpha": 0.001, "learning_rate": "adaptive"}, {"hidden_layer_sizes": 100, "activation": "tanh", "solver": "sgd", "alpha": 0.001, "learning_rate": "adaptive"}, {"hidden_layer_sizes": 50, "activation": "tanh", "solver": "adam", "alpha": 0.001, "learning_rate": "adaptive"}, {"hidden_layer_sizes": 50, "activation": "logistic", "solver": "adam", "alpha": 0.01, "learning_rate": "constant"}, {"hidden_layer_sizes": 25, "activation": "relu", "solver": "sgd", "alpha": 0.001, "learning_rate": "constant"}, {"hidden_layer_sizes": 25, "activation": "relu", "solver": "sgd", "alpha": 0.01, "learning_rate": "adaptive"}, {"hidden_layer_sizes": 150, "activation": "tanh", "solver": "sgd", "alpha": 0.001, "learning_rate": "constant"}, {"hidden_layer_sizes": 200, "activation": "relu", "solver": "sgd", "alpha": 0.1, "learning_rate": "constant"}, {"hidden_layer_sizes": 100, "activation": "logistic", "solver": "sgd", "alpha": 0.01, "learning_rate": "adaptive"}, {"hidden_layer_sizes": 200, "activation": "relu", "solver": "adam", "alpha": 0.01, "learning_rate": "constant"}, {"hidden_layer_sizes": 100, "activation": "tanh", "solver": "sgd", "alpha": 0.01, "learning_rate": "adaptive"}, {"hidden_layer_sizes": 200, "activation": "relu", "solver": "adam", "alpha": 0.001, "learning_rate": "constant"}, {"hidden_layer_sizes": 200, "activation": "tanh", "solver": "adam", "alpha": 0.001,