{"mean_fit_time": [8.603427505493164, 1.8351412773132325, 2.808118724822998, 6.6524186611175535, 2.0350916385650635, 4.838898229598999, 2.1292991161346437, 2.9559765338897703, 4.933514738082886, 6.65895824432373, 3.495920419692993, 5.039422798156738, 2.8024549961090086, 1.835841464996338, 2.224847507476807, 6.5784355163574215, 3.263652229309082, 2.0571921825408936, 6.650745820999146, 6.578332996368408, 5.903464269638062, 1.84220552444458, 1.9177425384521485, 2.9171449661254885, 3.2407636642456055, 4.109488773345947, 1.8542039394378662, 6.5781776905059814, 2.93035626411438, 4.793048763275147, 3.319003677368164, 4.874869251251221, 1.8390131950378419, 2.1158348083496095, 2.1437777519226073, 3.2370362281799316, 8.752827835083007, 2.2823668479919434, 2.28557710647583, 3.2399247169494627, 4.105094003677368, 1.905993890762329, 2.1074618339538573, 1.880643653869629, 1.8924959182739258, 4.11958532333374, 2.9558990955352784, 6.584423351287842, 3.21097936630249, 4.935286331176758], "std_fit_time": [0.03271286883254627, 0.007506724302803035, 0.03921157509143358, 0.015400798065842774, 0.05190827976884189, 0.047573314791551614, 0.07693087056103562, 0.014824651560896865, 0.07410878337255318, 0.006459247088046388, 0.06768086057912306, 0.10760198671740771, 0.05811762546394889, 0.010783458431171072, 0.01657314913917913, 0.022696382742781445, 0.034599526121188544, 0.054667015442442755, 0.009550645288630153, 0.013676976331102937, 0.11683173351358868, 0.008818769554349232, 0.030588980189629338, 0.018246007128369577, 0.02275952837020993, 0.02350440672908767, 0.01164285441664834, 0.013621740499262814, 0.020939594628900205, 0.05959734598916251, 0.012670877951257927, 0.0163176245662184, 0.02084436316990834, 0.015820250975101393, 0.01234921152549768, 0.02264149948586921, 0.044307464763459814, 0.020252127976107835, 0.011722340789202645, 0.029635435663837924, 0.039044729659225653, 0.008106919710188551, 0.019321490421756106, 0.04677355170817173, 0.0066306119491386225, 0.010085083935986502, 0.019945536950624485, 0.01293141484440516, 0.007463405768542491, 0.05206289763551215], "mean_score_time": [0.0062462806701660155, 0.00312952995300293, 0.006245088577270508, 0.012491846084594726, 0.0062482357025146484, 0.012491989135742187, 0.009370088577270508, 0.0031239986419677734, 0.003116750717163086, 0.009382534027099609, 0.0031307697296142577, 0.006250715255737305, 0.006253385543823242, 0.009363460540771484, 0.006239795684814453, 0.0062541007995605465, 0.006253337860107422, 0.006247997283935547, 0.006247186660766601, 0.009369945526123047, 0.009386396408081055, 0.011009502410888671, 0.003124523162841797, 0.003124094009399414, 0.0031278133392333984, 0.006247663497924804, 0.0031175613403320312, 0.012493228912353516, 0.006238365173339843, 0.01249523162841797, 0.0031302452087402345, 0.009366941452026368, 0.00624237060546875, 0.0031242847442626955, 0.009369945526123047, 0.0, 0.012503528594970703, 0.009366369247436524, 0.006239891052246094, 0.006238174438476562, 0.003122854232788086, 0.006232452392578125, 0.009365367889404296, 0.006238079071044922, 0.009365606307983398, 0.003125762939453125, 0.0, 0.012494659423828125, 0.0062544822692871095, 0.009377002716064453], "std_score_time": [0.007650124185053175, 0.00625905990600586, 0.007648641874473048, 0.006245947760930995, 0.007652494632272043, 0.0062459954269846124, 0.007650678074841307, 0.006247997283935547, 0.006233501434326173, 0.007660813914044703, 0.0062615394592285155, 0.007655539043827538, 0.0076588114928735716, 0.007645245889758343, 0.007642170354776352, 0.007659682533955336, 0.007658753699310634, 0.007652203558515264, 0.007651233600585596, 0.007650552788055915, 0.007663963678187459, 0.006194328133735471, 0.006249046325683594, 0.006248188018798828, 0.006255626678466797, 0.0076517938722079, 0.0062351226806640625, 0.006246615308835109, 0.007640412836131046, 0.0062476171480368905, 0.006260490417480469, 0.007648079421690652, 0.00764531867073776, 0.006248569488525391, 0.007650529065593743, 0.0, 0.006251813995329581, 0.007647618053599794, 0.007642283384284011, 0.007640177156048018, 0.006245708465576171, 0.007633164109959819, 0.007646804289423099, 0.007640059219980301, 0.007646999362901094, 0.00625152587890625, 0.0, 0.006247366314598098, 0.007660150787528994, 0.007656299750425066], "param_solver": ["adam", "sgd", "adam", "sgd", "adam", "adam", "sgd", "sgd", "adam", "sgd", "adam", "adam", "adam", "sgd", "adam", "sgd", "adam", "adam", "sgd", "sgd", "adam", "sgd", "adam", "sgd", "adam", "sgd", "sgd", "sgd", "sgd", "adam", "adam", "adam", "sgd", "sgd", "sgd", "adam", "adam", "adam", "adam", "adam", "sgd", "adam", "sgd", "sgd", "adam", "sgd", "sgd", "sgd", "adam", "adam"], "param_learning_rate": ["constant", "constant", "adaptive", "constant", "adaptive", "constant", "adaptive", "adaptive", "adaptive", "constant", "adaptive", "constant", "adaptive", "constant", "adaptive", "adaptive", "constant", "adaptive", "adaptive", "adaptive", "adaptive", "adaptive", "constant", "constant", "adaptive", "adaptive", "adaptive", "constant", "adaptive", "adaptive", "adaptive", "constant", "adaptive", "constant", "constant", "adaptive", "adaptive", "adaptive", "constant", "constant", "adaptive", "adaptive", "adaptive", "adaptive", "adaptive", "adaptive", "constant", "constant", "adaptive", "constant"], "param_hidden_layer_sizes": [200, 25, 150, 200, 50, 150, 50, 100, 150, 200, 150, 200, 100, 25, 50, 200, 100, 50, 200, 200, 200, 25, 25, 100, 100, 150, 25, 200, 100, 150, 100, 150, 25, 50, 50, 100, 200, 50, 50, 100, 150, 25, 50, 25, 25, 150, 100, 200, 100, 150], "param_alpha": [0.001, 0.1, 0.01, 0.001, 0.01, 0.001, 0.01, 0.001, 0.1, 0.1, 0.01, 0.01, 0.001, 0.01, 0.1, 0.001, 0.1, 0.001, 0.01, 0.1, 0.01, 0.001, 0.01, 0.01, 0.001, 0.1, 0.001, 0.001, 0.01, 0.1, 0.1, 0.1, 0.01, 0.001, 0.001, 0.01, 0.1, 0.001, 0.001, 0.01, 0.001, 0.1, 0.001, 0.1, 0.1, 0.001, 0.01, 0.01, 0.1, 0.1], "param_activation": ["logistic", "logistic", "relu", "tanh", "relu", "logistic", "logistic", "tanh", "tanh", "tanh", "tanh", "relu", "tanh", "relu", "logistic", "logistic", "logistic", "relu", "tanh", "logistic", "tanh", "relu", "relu", "logistic", "logistic", "relu", "tanh", "logistic", "relu", "relu", "tanh", "logistic", "relu", "relu", "tanh", "logistic", "tanh", "tanh", "tanh", "logistic", "logistic", "logistic", "relu", "tanh", "relu", "relu", "tanh", "logistic", "relu", "tanh"], "params": [{"solver": "adam", "learning_rate": "constant", "hidden_layer_sizes": 200, "alpha": 0.001, "activation": "logistic"}, {"solver": "sgd", "learning_rate": "constant", "hidden_layer_sizes": 25, "alpha": 0.1, "activation": "logistic"}, {"solver": "adam", "learning_rate": "adaptive", "hidden_layer_sizes": 150, "alpha": 0.01, "activation": "relu"}, {"solver": "sgd", "learning_rate": "constant", "hidden_layer_sizes": 200, "alpha": 0.001, "activation": "tanh"}, {"solver": "adam", "learning_rate": "adaptive", "hidden_layer_sizes": 50, "alpha": 0.01, "activation": "relu"}, {"solver": "adam", "learning_rate": "constant", "hidden_layer_sizes": 150, "alpha": 0.001, "activation": "logistic"}, {"solver": "sgd", "learning_rate": "adaptive", "hidden_layer_sizes": 50, "alpha": 0.01, "activation": "logistic"}, {"solver": "sgd", "learning_rate": "adaptive", "hidden_layer_sizes": 100, "alpha": 0.001, "activation": "tanh"}, {"solver": "adam", "learning_rate": "adaptive", "hidden_layer_sizes": 150, "alpha": 0.1, "activation": "tanh"}, {"solver": "sgd", "learning_rate": "constant", "hidden_layer_sizes": 200, "alpha": 0.1, "activation": "tanh"}, {"solver": "adam", "learning_rate": "adaptive", "hidden_layer_sizes": 150, "alpha": 0.01, "activation": "tanh"}, {"solver": "adam", "learning_rate": "constant", "hidden_layer_sizes": 200, "alpha": 0.01, "activation": "relu"}, {"solver": "adam", "learning_rate": "adaptive", "hidden_layer_sizes": 100, "alpha": 0.001, "activation": "tanh"}, {"solver": "sgd", "learning_rate": "constant", "hidden_layer_sizes": 25, "alpha": 0.01, "activation": "relu"}, {"solver": "adam",