{"mean_fit_time": [6.525536584854126, 2.078194522857666, 1.8564401149749756, 2.8362552165985107, 2.837401866912842, 2.0538015842437742, 2.0511844158172607, 3.0734792232513426, 3.25514440536499, 3.9538168907165527, 4.9614417552948, 8.576140785217286, 2.757454442977905, 1.8618625164031983, 3.195440340042114, 1.8327945709228515, 2.2018232345581055, 2.2139606952667235, 4.413912343978882, 2.7169626235961912], "std_fit_time": [0.0385406522357729, 0.0039033416209970266, 0.003121094254619437, 0.012517689410780438, 0.011785588992093242, 0.0073812091582696375, 0.007797698158715136, 0.016569380002160107, 0.07092442977209405, 0.02830136764380224, 0.10875012656617249, 0.013654496231007462, 0.04155975560047787, 0.006578131047725074, 0.07385721306210195, 0.008905752143906057, 0.038704972197408115, 0.00561394902379182, 0.04300331074816945, 0.056854760798358585], "mean_score_time": [0.00937347412109375, 0.0, 0.009364938735961914, 0.009369421005249023, 0.006239461898803711, 0.006261491775512695, 0.003117227554321289, 0.0031238079071044924, 0.006247091293334961, 0.009370231628417968, 0.009378528594970703, 0.006247186660766601, 0.006247091293334961, 0.009370231628417968, 0.006248283386230469, 0.003123188018798828, 0.0031294822692871094, 0.006245565414428711, 0.0062484264373779295, 0.009373140335083009], "std_score_time": [0.007653409809453176, 0.0, 0.0076464514092379945, 0.007650100770367179, 0.00764176551933648, 0.007668729984164592, 0.006234455108642578, 0.006247615814208986, 0.0076510932191360135, 0.0076507625705346015, 0.007657545680766566, 0.007651209868347333, 0.007651093031913856, 0.007650794044468533, 0.007652553152621177, 0.006246376037597656, 0.006258964538574219, 0.0076492243741216595, 0.007652728236788775, 0.0076531370406075164], "param_activation": ["relu", "tanh", "relu", "tanh", "tanh", "relu", "relu", "relu", "tanh", "logistic", "relu", "tanh", "relu", "tanh", "tanh", "relu", "relu", "tanh", "relu", "relu"], "param_alpha": [0.01, 0.1, 0.1, 0.001, 0.01, 0.1, 0.1, 0.1, 0.01, 0.1, 0.01, 0.1, 0.001, 0.001, 0.1, 0.001, 0.01, 0.01, 0.1, 0.01], "param_hidden_layer_sizes": [200, 50, 25, 100, 100, 50, 50, 100, 150, 150, 200, 200, 150, 25, 100, 25, 100, 50, 150, 150], "param_learning_rate": ["adaptive", "constant", "adaptive", "constant", "constant", "adaptive", "constant", "constant", "adaptive", "adaptive", "adaptive", "constant", "constant", "adaptive", "adaptive", "constant", "adaptive", "constant", "constant", "adaptive"], "param_solver": ["sgd", "sgd", "adam", "sgd", "sgd", "sgd", "sgd", "adam", "adam", "sgd", "adam", "adam", "adam", "adam", "adam", "adam", "adam", "adam", "adam", "adam"], "params": [{"activation": "relu", "alpha": 0.01, "hidden_layer_sizes": 200, "learning_rate": "adaptive", "solver": "sgd"}, {"activation": "tanh", "alpha": 0.1, "hidden_layer_sizes": 50, "learning_rate": "constant", "solver": "sgd"}, {"activation": "relu", "alpha": 0.1, "hidden_layer_sizes": 25, "learning_rate": "adaptive", "solver": "adam"}, {"activation": "tanh", "alpha": 0.001, "hidden_layer_sizes": 100, "learning_rate": "constant", "solver": "sgd"}, {"activation": "tanh", "alpha": 0.01, "hidden_layer_sizes": 100, "learning_rate": "constant", "solver": "sgd"}, {"activation": "relu", "alpha": 0.1, "hidden_layer_sizes": 50, "learning_rate": "adaptive", "solver": "sgd"}, {"activation": "relu", "alpha": 0.1, "hidden_layer_sizes": 50, "learning_rate": "constant", "solver": "sgd"}, {"activation": "relu", "alpha": 0.1, "hidden_layer_sizes": 100, "learning_rate": "constant", "solver": "adam"}, {"activation": "tanh", "alpha": 0.01, "hidden_layer_sizes": 150, "learning_rate": "adaptive", "solver": "adam"}, {"activation": "logistic", "alpha": 0.1, "hidden_layer_sizes": 150, "learning_rate": "adaptive", "solver": "sgd"}, {"activation": "relu", "alpha": 0.01, "hidden_layer_sizes": 200, "learning_rate": "adaptive", "solver": "adam"}, {"activation": "tanh", "alpha": 0.1, "hidden_layer_sizes": 200, "learning_rate": "constant", "solver": "adam"}, {"activation": "relu", "alpha": 0.001, "hidden_layer_sizes": 150, "learning_rate": "constant", "solver": "adam"}, {"activation": "tanh", "alpha": 0.001, "hidden_layer_sizes": 25, "learning_rate": "adaptive", "solver": "adam"}, {"activation": "tanh", "alpha": 0.1, "hidden_layer_sizes": 100, "learning_rate": "adaptive", "solver": "adam"}, {"activation": "relu", "alpha": 0.001, "hidden_layer_sizes": 25, "learning_rate": "constant", "solver": "adam"}, {"activation": "relu", "alpha": 0.01, "hidden_layer_sizes": 100, "learning_rate": "adaptive", "solver": "adam"}, {"activation": "tanh", "alpha": 0.01, "hidden_layer_sizes": 50, "learning_rate": "constant", "solver": "adam"}, {"activation": "relu", "alpha": 0.1, "hidden_layer_sizes": 150, "learning_rate": "constant", "solver": "adam"}, {"activation": "relu", "alpha": 0.01, "hidden_layer_sizes": 150, "learning_rate": "adaptive", "solver": "adam"}], "split0_test_score": [0.7785402678933855, 0.7345655503916374, 0.8313728509192906, 0.7622002106416808, 0.7622002106416808, 0.7515237778790411, 0.7515237778790411, 0.8537344877344877, 0.8400968316364509, 0.4347816510974406, 0.8338196491422298, 0.8239700227022142, 0.8411756366239127, 0.798721116974732, 0.841063035385616, 0.8384984051036684, 0.8541048581048581, 0.8037807440929038, 0.8568051536071559, 0.8411756366239127], "split1_test_score": [0.8352023566693205, 0.8283506787330317, 0.8670238284219234, 0.8130144098926619, 0.8130144098926619, 0.8267184591008121, 0.8267184591008121, 0.8751476866608712, 0.8675763535751985, 0.45239404926904936, 0.868469525741331, 0.8610489587139203, 0.8749018556593213, 0.8521882383865362, 0.8675658211618172, 0.8670238284219234, 0.8683762620070936, 0.866387954318989, 0.8675461133624026, 0.8749018556593213], "split2_test_score": [0.8198643629678111, 0.8565171916206399, 0.8817141140829297, 0.8152607729748571, 0.8152607729748571, 0.8496046546046546, 0.8496046546046546, 0.8666178958521756, 0.8664894770168603, 0.412809399063269, 0.8521878814221614, 0.8531742337794814, 0.8657788510888432, 0.8681045965528724, 0.8744220457252911, 0.8735501647425098, 0.8510977231647257, 0.8594615624027389, 0.8895198224883825, 0.8810848522771971], "split3_test_score": [0.8609582506634788, 0.8226332926332927, 0.8212009853945338, 0.8537090260694266, 0.8537090260694266, 0.8372593989564537, 0.8372593989564537, 0.8281867336524543, 0.8108480462892228, 0.4314972527472528, 0.8337886949422714, 0.8259821074646583, 0.8413612418047902, 0.8166084416140034, 0.8125992776302157, 0.8194072739553224, 0.8268143633859747, 0.8228730040005712, 0.8658075959285636, 0.8413612418047902], "split4_test_score": [0.8958272693227322, 0.8641231711969699, 0.9397054296466061, 0.8929729396922269, 0.8929729396922269, 0.8496820619841214, 0.8496820619841214, 0.9171314566966741, 0.9159211159211159, 0.4842940383415213, 0.9328601137424668, 0.908329984416941, 0.9159211159211159, 0.947485032267641, 0.9002338340794113, 0.9397054296466061, 0.9331122581122582, 0.9159211159211159, 0.9230953583453584, 0.9159211159211159], "mean_test_score": [0.8380785015033455, 0.8212379769151144, 0.8682034416930566, 0.8274314718541707, 0.8274314718541707, 0.8229576705050166, 0.8229576705050166, 0.8681636521193326, 0.8601863648877697, 0.4431552781037066, 0.864225172998092, 0.854501061415443, 0.8678277402195966, 0.8566214851591571, 0.8591768027964702, 0.867637020374006, 0.8667010929549821, 0.8536848761472637, 0.8805548087463727, 0.8708889404572675], "std_test_score": [0.03935284340268222, 0.04614847739937381, 0.042100326250623314, 0.04381161692539474, 0.04381161692539474, 0.03673074691534361, 0.03673074691534361, 0.029173161573582913, 0.0347521586565464, 0.024102497985638863, 0.03667299029822549, 0.030619155577722306, 0.02748826661216809, 0.05169370562651019, 0.029953454890175504, 0.04099844932496626, 0.03579477762417933, 0.03875017858436965, 0.023836201007277097, 0.027938225948224604], "rank_test_score": [14, 19, 3, 15, 15, 17, 17, 4, 9, 20, 8, 12, 5, 11, 10, 6, 7, 13, 1, 2]}