{"mean_fit_time": [1.8248557567596435, 2.1000114917755126, 1.8680963516235352, 3.8427019119262695, 2.2487762451171873, 1.9950483322143555, 3.8470067501068117, 1.7970647811889648, 2.748983144760132, 5.84275860786438, 2.202626371383667, 2.076929521560669, 2.8880045890808104, 2.2717738151550293, 2.0771602630615233, 4.468383884429931, 8.613053321838379, 3.780286455154419, 2.859304141998291, 2.2933391094207765, 4.495591831207276, 1.8638521671295165, 6.639781427383423, 2.259490394592285, 1.8005979537963868, 2.2681740283966065, 1.9013380527496337, 1.8197255611419678, 1.7995608806610108, 6.584438848495483, 1.8692350387573242, 2.29496808052063, 2.03633189201355, 2.09822359085083, 3.807693433761597, 4.531915855407715, 3.1624870777130125, 2.7357850074768066, 2.2821123123168947, 2.244549512863159, 3.785460948944092], "std_fit_time": [0.049323600874765526, 0.005452341782921808, 0.013737455698580878, 0.009824134995479829, 0.01137230630333694, 0.04381688642997335, 0.026479281590764032, 0.009512350261235666, 0.04333731125044707, 0.17878349329717175, 0.010585178227480764, 0.00695827157994787, 0.017613228199736892, 0.04175967851301395, 0.010321966599493543, 0.012156203163148936, 0.09735450409184762, 0.013340141121337976, 0.024724162036606122, 0.0845503619387391, 0.0336187782786007, 0.008179895650527928, 0.046546901117284614, 0.02788312197664843, 0.01584832670397291, 0.044114047488855584, 0.010149761592538817, 0.03020201601275026, 0.007812016013919353, 0.12867252842392657, 0.011023275735402426, 0.06787584708301687, 0.04458969051182941, 0.04448508510820367, 0.06588690319016027, 0.05379788014319041, 0.035290649299054594, 0.06134013444357306, 0.14891489578342323, 0.05577784100738297, 0.018993742304094], "mean_score_time": [0.006241130828857422, 0.00625004768371582, 0.0062405109405517575, 0.006247186660766601, 0.00311737060546875, 0.003131103515625, 0.006255149841308594, 0.003124523162841797, 0.0031233310699462892, 0.009373950958251952, 0.006241035461425781, 0.012505292892456055, 0.009370231628417968, 0.009370660781860352, 0.00937199592590332, 0.00624394416809082, 0.009371280670166016, 0.012492561340332031, 0.006247758865356445, 0.006246042251586914, 0.006254148483276367, 0.009378194808959961, 0.00937204360961914, 0.003121757507324219, 0.009372758865356445, 0.00937356948852539, 0.012496232986450195, 0.009372234344482422, 0.006248331069946289, 0.0031244754791259766, 0.009391498565673829, 0.003115940093994141, 0.0, 0.006246089935302734, 0.01249556541442871, 0.003124094009399414, 0.006247901916503906, 0.006247234344482422, 0.006247472763061523, 0.0, 0.012492513656616211], "std_score_time": [0.007643798508602672, 0.007654718756982759, 0.007643038517636871, 0.007651209906979887, 0.0062347412109375, 0.00626220703125, 0.007660968577826577, 0.006249046325683594, 0.0062466621398925785, 0.0076537990577138695, 0.007643681527947401, 0.006252662839955491, 0.00765076240262176, 0.007651112938655476, 0.00765220264928241, 0.007647239284323539, 0.007651619166931484, 0.006246286463454146, 0.007651910672980014, 0.00764980877923085, 0.00765974245451082, 0.007657275828791646, 0.00765224161308181, 0.006243515014648438, 0.007652856859559113, 0.007653487529080377, 0.006248159192853698, 0.0076524270883515785, 0.007652636346437891, 0.006248950958251953, 0.007668126534388458, 0.006231880187988281, 0.0, 0.007649867470522537, 0.0062477834903396975, 0.006248188018798828, 0.007652086209534356, 0.007651268760180284, 0.00765156079069345, 0.0, 0.006246259468105298], "param_hidden_layer_sizes": [25, 50, 25, 150, 50, 50, 150, 25, 150, 200, 50, 50, 100, 100, 50, 150, 200, 150, 100, 50, 150, 25, 200, 50, 25, 100, 25, 25, 25, 200, 25, 50, 50, 50, 150, 150, 100, 150, 50, 50, 150], "param_activation": ["relu", "tanh", "logistic", "tanh", "tanh", "relu", "tanh", "tanh", "relu", "tanh", "logistic", "logistic", "tanh", "relu", "relu", "relu", "logistic", "logistic", "relu", "tanh", "logistic", "relu", "tanh", "tanh", "relu", "relu", "tanh", "tanh", "relu", "logistic", "logistic", "tanh", "relu", "tanh", "relu", "logistic", "relu", "relu", "logistic", "logistic", "logistic"], "param_solver": ["sgd", "sgd", "adam", "sgd", "adam", "adam", "sgd", "sgd", "adam", "adam", "adam", "sgd", "sgd", "adam", "sgd", "adam", "adam", "sgd", "sgd", "adam", "adam", "adam", "sgd", "adam", "sgd", "adam", "adam", "sgd", "sgd", "sgd", "adam", "adam", "adam", "sgd", "sgd", "adam", "adam", "adam", "adam", "adam", "sgd"], "param_alpha": [0.01, 0.1, 0.1, 0.1, 0.001, 0.01, 0.01, 0.1, 0.001, 0.001, 0.01, 0.01, 0.001, 0.001, 0.1, 0.1, 0.1, 0.1, 0.01, 0.001, 0.1, 0.01, 0.001, 0.01, 0.001, 0.001, 0.01, 0.01, 0.001, 0.1, 0.001, 0.1, 0.001, 0.001, 0.01, 0.01, 0.1, 0.01, 0.001, 0.01, 0.001], "param_learning_rate": ["constant", "adaptive", "constant", "constant", "adaptive", "constant", "adaptive", "adaptive", "constant", "constant", "constant", "constant", "adaptive", "adaptive", "constant", "adaptive", "constant", "constant", "adaptive", "constant", "constant", "adaptive", "adaptive", "constant", "constant", "constant", "constant", "constant", "adaptive", "adaptive", "constant", "adaptive", "adaptive", "constant", "constant", "adaptive", "constant", "constant", "adaptive", "adaptive", "constant"], "params": [{"hidden_layer_sizes": 25, "activation": "relu", "solver": "sgd", "alpha": 0.01, "learning_rate": "constant"}, {"hidden_layer_sizes": 50, "activation": "tanh", "solver": "sgd", "alpha": 0.1, "learning_rate": "adaptive"}, {"hidden_layer_sizes": 25, "activation": "logistic", "solver": "adam", "alpha": 0.1, "learning_rate": "constant"}, {"hidden_layer_sizes": 150, "activation": "tanh", "solver": "sgd", "alpha": 0.1, "learning_rate": "constant"}, {"hidden_layer_sizes": 50, "activation": "tanh", "solver": "adam", "alpha": 0.001, "learning_rate": "adaptive"}, {"hidden_layer_sizes": 50, "activation": "relu", "solver": "adam", "alpha": 0.01, "learning_rate": "constant"}, {"hidden_layer_sizes": 150, "activation": "tanh", "solver": "sgd", "alpha": 0.01, "learning_rate": "adaptive"}, {"hidden_layer_sizes": 25, "activation": "tanh", "solver": "sgd", "alpha": 0.1, "learning_rate": "adaptive"}, {"hidden_layer_sizes": 150, "activation": "relu", "solver": "adam", "alpha": 0.001, "learning_rate": "constant"}, {"hidden_layer_sizes": 200, "activation": "tanh", "solver": "adam", "alpha": 0.001, "learning_rate": "constant"}, {"hidden_layer_sizes": 50, "activation": "logistic", "solver": "adam", "alpha": 0.01, "learning_rate": "constant"}, {"hidden_layer_sizes": 50, "activation": "logistic", "solver": "sgd", "alpha": 0.01, "learning_rate": "constant"}, {"hidden_layer_sizes": 100, "activation": "tanh", "solver": "sgd", "alpha": 0.001, "learning_rate": "adaptive"}, {"hidden_layer_sizes": 100, "activation": "relu", "solver": "adam", "alpha": 0.001, "learning_rate": "adaptive"}, {"hidden_layer_sizes": 50, "activation": "relu", "solver": "sgd", "alpha": 0.1, "learning_rate": "constant"}, {"hidden_layer_sizes": 150, "activation": "relu", "solver": "adam", "alpha": 0.1, "learning_rate": "adaptive"}, {"hidden_layer_sizes": 200, "activation": "logistic", "solver": "adam", "alpha": 0.1, "learning_rate": "constant"}, {"hidden_layer_sizes": 150, "activation": "logistic", "solver": "sgd", "alpha": 0.1, "learning_rate": "constant"}, {"hidden_layer_sizes": 100, "activation": "relu", "solver": "sgd", "alpha": 0.01, "learning_rate": "adaptive"}, {"hidden_layer_sizes": 50, "activation": "tanh", "solver": "adam", "alpha": 0.001, "learning_rate": "constant"}, {"hidden_layer_sizes": 150, "activation": "logistic", "solver": "adam", "alpha": 0.1, "learning_rate": "constant"}, {"hidden_layer_sizes": 25, "activation": "relu", "solver": "adam", "alpha": 0.01, "learning_rate": "adaptive"}, {"hidden_layer_sizes": 200, "activation": "tanh", "solver": "sgd", "alpha": 0.001, "learning_rate": "adaptive"}, {"hidden_layer_sizes": 50, "activation": "tanh", "solver": "adam", "alpha": 0.01, "learning_rate": "constant"}, {"hidden_layer_sizes": 25, "activation": "relu", "solver": "sgd", "alpha": 0.001,