{"mean_fit_time": [12.779211854934692, 3.8053704261779786, 3.41933388710022, 4.978589677810669, 4.985913419723511, 3.802061080932617, 3.769960355758667, 5.318626451492309, 5.289777612686157, 6.37123475074768, 9.748648977279663, 16.768063974380492, 4.408398532867432, 3.5144036293029783, 5.530568599700928, 3.417006254196167, 3.8590646743774415, 4.110752153396606, 7.1365782737731935, 4.372875738143921], "std_fit_time": [0.0732279050575423, 0.007031988409483188, 0.013066805829671554, 0.014521014358909123, 0.019390259910071254, 0.023499515609947334, 0.01932247702264193, 0.010104354062534961, 0.15414619693945852, 0.0663492048444424, 0.17856448677995648, 0.04859221145997054, 0.1070714109379743, 0.014101298759634631, 0.02312985769246145, 0.012876262918983472, 0.10551094456142648, 0.007073565019687838, 0.15871422631596824, 0.08563166687022028], "mean_score_time": [0.022467041015625, 0.01562786102294922, 0.01563434600830078, 0.015640401840209962, 0.016161155700683594, 0.012512922286987305, 0.015623760223388673, 0.01555619239807129, 0.019413042068481445, 0.018764543533325195, 0.01562647819519043, 0.01562809944152832, 0.015902280807495117, 0.008457136154174805, 0.016054439544677734, 0.0134368896484375, 0.015503454208374023, 0.015505313873291016, 0.019038963317871093, 0.015609359741210938], "std_score_time": [0.007204252130972787, 1.6825663829233254e-05, 3.300677693240768e-05, 1.8317375300641734e-05, 0.0006510812749989624, 0.0062564828150021914, 2.6704328361515225e-05, 0.0015755106297827605, 0.00760306103978234, 0.006259802944219304, 3.00412707811895e-05, 1.3239424700461405e-05, 0.0005239523928120798, 0.007103598160789429, 0.0008982491195512744, 0.006824665455891075, 0.009884237380206874, 0.0002424970827343115, 0.006807082248087438, 2.1640528282909537e-05], "param_activation": ["relu", "tanh", "relu", "tanh", "tanh", "relu", "relu", "relu", "tanh", "logistic", "relu", "tanh", "relu", "tanh", "tanh", "relu", "relu", "tanh", "relu", "relu"], "param_alpha": [0.01, 0.1, 0.1, 0.001, 0.01, 0.1, 0.1, 0.1, 0.01, 0.1, 0.01, 0.1, 0.001, 0.001, 0.1, 0.001, 0.01, 0.01, 0.1, 0.01], "param_hidden_layer_sizes": [200, 50, 25, 100, 100, 50, 50, 100, 150, 150, 200, 200, 150, 25, 100, 25, 100, 50, 150, 150], "param_learning_rate": ["adaptive", "constant", "adaptive", "constant", "constant", "adaptive", "constant", "constant", "adaptive", "adaptive", "adaptive", "constant", "constant", "adaptive", "adaptive", "constant", "adaptive", "constant", "constant", "adaptive"], "param_solver": ["sgd", "sgd", "adam", "sgd", "sgd", "sgd", "sgd", "adam", "adam", "sgd", "adam", "adam", "adam", "adam", "adam", "adam", "adam", "adam", "adam", "adam"], "params": [{"activation": "relu", "alpha": 0.01, "hidden_layer_sizes": 200, "learning_rate": "adaptive", "solver": "sgd"}, {"activation": "tanh", "alpha": 0.1, "hidden_layer_sizes": 50, "learning_rate": "constant", "solver": "sgd"}, {"activation": "relu", "alpha": 0.1, "hidden_layer_sizes": 25, "learning_rate": "adaptive", "solver": "adam"}, {"activation": "tanh", "alpha": 0.001, "hidden_layer_sizes": 100, "learning_rate": "constant", "solver": "sgd"}, {"activation": "tanh", "alpha": 0.01, "hidden_layer_sizes": 100, "learning_rate": "constant", "solver": "sgd"}, {"activation": "relu", "alpha": 0.1, "hidden_layer_sizes": 50, "learning_rate": "adaptive", "solver": "sgd"}, {"activation": "relu", "alpha": 0.1, "hidden_layer_sizes": 50, "learning_rate": "constant", "solver": "sgd"}, {"activation": "relu", "alpha": 0.1, "hidden_layer_sizes": 100, "learning_rate": "constant", "solver": "adam"}, {"activation": "tanh", "alpha": 0.01, "hidden_layer_sizes": 150, "learning_rate": "adaptive", "solver": "adam"}, {"activation": "logistic", "alpha": 0.1, "hidden_layer_sizes": 150, "learning_rate": "adaptive", "solver": "sgd"}, {"activation": "relu", "alpha": 0.01, "hidden_layer_sizes": 200, "learning_rate": "adaptive", "solver": "adam"}, {"activation": "tanh", "alpha": 0.1, "hidden_layer_sizes": 200, "learning_rate": "constant", "solver": "adam"}, {"activation": "relu", "alpha": 0.001, "hidden_layer_sizes": 150, "learning_rate": "constant", "solver": "adam"}, {"activation": "tanh", "alpha": 0.001, "hidden_layer_sizes": 25, "learning_rate": "adaptive", "solver": "adam"}, {"activation": "tanh", "alpha": 0.1, "hidden_layer_sizes": 100, "learning_rate": "adaptive", "solver": "adam"}, {"activation": "relu", "alpha": 0.001, "hidden_layer_sizes": 25, "learning_rate": "constant", "solver": "adam"}, {"activation": "relu", "alpha": 0.01, "hidden_layer_sizes": 100, "learning_rate": "adaptive", "solver": "adam"}, {"activation": "tanh", "alpha": 0.01, "hidden_layer_sizes": 50, "learning_rate": "constant", "solver": "adam"}, {"activation": "relu", "alpha": 0.1, "hidden_layer_sizes": 150, "learning_rate": "constant", "solver": "adam"}, {"activation": "relu", "alpha": 0.01, "hidden_layer_sizes": 150, "learning_rate": "adaptive", "solver": "adam"}], "split0_test_score": [0.7785402678933855, 0.7345655503916374, 0.8313728509192906, 0.7622002106416808, 0.7622002106416808, 0.7515237778790411, 0.7515237778790411, 0.8537344877344877, 0.8400968316364509, 0.4347816510974406, 0.8338196491422298, 0.8239700227022142, 0.8411756366239127, 0.798721116974732, 0.841063035385616, 0.8384984051036684, 0.8541048581048581, 0.8037807440929038, 0.8568051536071559, 0.8411756366239127], "split1_test_score": [0.8352023566693205, 0.8283506787330317, 0.8670238284219234, 0.8130144098926619, 0.8130144098926619, 0.8267184591008121, 0.8267184591008121, 0.8751476866608712, 0.8675763535751985, 0.45239404926904936, 0.868469525741331, 0.8610489587139203, 0.8749018556593213, 0.8521882383865362, 0.8675658211618172, 0.8670238284219234, 0.8683762620070936, 0.866387954318989, 0.8675461133624026, 0.8749018556593213], "split2_test_score": [0.8198643629678111, 0.8565171916206399, 0.8817141140829297, 0.8152607729748571, 0.8152607729748571, 0.8496046546046546, 0.8496046546046546, 0.8666178958521756, 0.8664894770168603, 0.412809399063269, 0.8521878814221614, 0.8531742337794814, 0.8657788510888432, 0.8681045965528724, 0.8744220457252911, 0.8735501647425098, 0.8510977231647257, 0.8594615624027389, 0.8895198224883825, 0.8810848522771971], "split3_test_score": [0.8609582506634788, 0.8226332926332927, 0.8212009853945338, 0.8537090260694266, 0.8537090260694266, 0.8372593989564537, 0.8372593989564537, 0.8281867336524543, 0.8108480462892228, 0.4314972527472528, 0.8337886949422714, 0.8259821074646583, 0.8413612418047902, 0.8166084416140034, 0.8125992776302157, 0.8194072739553224, 0.8268143633859747, 0.8228730040005712, 0.8658075959285636, 0.8413612418047902], "split4_test_score": [0.8958272693227322, 0.8641231711969699, 0.9397054296466061, 0.8929729396922269, 0.8929729396922269, 0.8496820619841214, 0.8496820619841214, 0.9171314566966741, 0.9159211159211159, 0.4842940383415213, 0.9328601137424668, 0.908329984416941, 0.9159211159211159, 0.947485032267641, 0.9002338340794113, 0.9397054296466061, 0.9331122581122582, 0.9159211159211159, 0.9230953583453584, 0.9159211159211159], "mean_test_score": [0.8380785015033455, 0.8212379769151144, 0.8682034416930566, 0.8274314718541707, 0.8274314718541707, 0.8229576705050166, 0.8229576705050166, 0.8681636521193326, 0.8601863648877697, 0.4431552781037066, 0.864225172998092, 0.854501061415443, 0.8678277402195966, 0.8566214851591571, 0.8591768027964702, 0.867637020374006, 0.8667010929549821, 0.8536848761472637, 0.8805548087463727, 0.8708889404572675], "std_test_score": [0.03935284340268222, 0.04614847739937381, 0.042100326250623314, 0.04381161692539474, 0.04381161692539474, 0.03673074691534361, 0.03673074691534361, 0.029173161573582913, 0.0347521586565464, 0.024102497985638863, 0.03667299029822549, 0.030619155577722306, 0.02748826661216809, 0.05169370562651019, 0.029953454890175504, 0.04099844932496626, 0.03579477762417933, 0.03875017858436965, 0.023836201007277097, 0.027938225948224604], "rank_test_score": [14, 19, 3, 15, 15, 17, 17, 4, 9, 20, 8, 12, 5, 11, 10, 6, 7, 13, 1, 2]}